Customer ID,Month,Time stamp,Transction,Amount
147,4,4/13/2015 16:01,CashWtdrl,314
151,4,4/15/2015 11:00,CashDeposit,962
142,3,3/11/2015 14:53,ATMWDL,4905
132,6,6/11/2015 13:20,CHECKCR,9808
186,4,4/20/2015 17:24,CHECKDEPOSIT,5594
123,6,6/28/2015 15:14,CashWtdrl,6461
152,5,5/9/2015 13:19,CashDeposit,5179
193,4,4/12/2015 12:31,ATMWDL,5390
196,4,4/13/2015 16:01,CashWtdrl,6650
161,4,4/15/2015 11:00,CashDeposit,3925
130,3,3/11/2015 14:53,ATMWDL,6794
106,6,6/11/2015 13:20,CHECKCR,8541
163,4,4/20/2015 17:24,CHECKDEPOSIT,5769
200,6,6/28/2015 15:14,CashWtdrl,3968
175,5,5/9/2015 13:19,CashDeposit,6009
162,4,4/12/2015 12:31,ATMWDL,8998
107,4,4/13/2015 16:01,CashWtdrl,923
121,4,4/15/2015 11:00,CashDeposit,528
171,3,3/11/2015 14:53,ATMWDL,697
192,6,6/11/2015 13:20,CHECKCR,629
170,4,4/20/2015 17:24,CHECKDEPOSIT,9837
178,6,6/28/2015 15:14,CashWtdrl,6792
144,5,5/9/2015 13:19,CashDeposit,4483
125,4,4/12/2015 12:31,ATMWDL,2389
175,4,4/13/2015 16:01,CashWtdrl,6835
191,4,4/15/2015 11:00,CashDeposit,5249
166,3,3/11/2015 14:53,ATMWDL,4084
148,6,6/11/2015 13:20,CHECKCR,7494
162,4,4/20/2015 17:24,CHECKDEPOSIT,2896
171,6,6/28/2015 15:14,CashWtdrl,6861
181,5,5/9/2015 13:19,CashDeposit,6834
138,4,4/12/2015 12:31,ATMWDL,870
151,4,4/13/2015 16:01,CashWtdrl,3155
176,4,4/15/2015 11:00,CashDeposit,2106
194,3,3/11/2015 14:53,ATMWDL,2880
121,6,6/11/2015 13:20,CHECKCR,8082
167,4,4/20/2015 17:24,CHECKDEPOSIT,1584
193,6,6/28/2015 15:14,CashWtdrl,4536
127,5,5/9/2015 13:19,CashDeposit,9592
131,4,4/12/2015 12:31,ATMWDL,5053
111,4,4/13/2015 16:01,CashWtdrl,62
136,4,4/15/2015 11:00,CashDeposit,2788
197,3,3/11/2015 14:53,ATMWDL,3688
116,6,6/11/2015 13:20,CHECKCR,4130
130,4,4/20/2015 17:24,CHECKDEPOSIT,8037
190,6,6/28/2015 15:14,CashWtdrl,7832
163,5,5/9/2015 13:19,CashDeposit,3207
152,4,4/12/2015 12:31,ATMWDL,8624
102,4,4/13/2015 16:01,CashWtdrl,9649
174,4,4/15/2015 11:00,CashDeposit,5429
168,3,3/11/2015 14:53,ATMWDL,4029
108,6,6/11/2015 13:20,CHECKCR,878
185,4,4/20/2015 17:24,CHECKDEPOSIT,4768
152,6,6/28/2015 15:14,CashWtdrl,6740
106,5,5/9/2015 13:19,CashDeposit,990
136,4,4/12/2015 12:31,ATMWDL,2426
187,4,4/13/2015 16:01,CashWtdrl,8964
186,4,4/15/2015 11:00,CashDeposit,4967
161,3,3/11/2015 14:53,ATMWDL,4625
146,6,6/11/2015 13:20,CHECKCR,9957
103,4,4/20/2015 17:24,CHECKDEPOSIT,1067
175,6,6/28/2015 15:14,CashWtdrl,9938
136,5,5/9/2015 13:19,CashDeposit,3502
121,4,4/12/2015 12:31,ATMWDL,9611
192,4,4/13/2015 16:01,CHECKCR,2397
188,4,4/15/2015 11:00,CHECKDEPOSIT,2372
139,3,3/11/2015 14:53,CashWtdrl,1634
129,6,6/11/2015 13:20,CashDeposit,6436
165,4,4/20/2015 17:24,ATMWDL,3732
154,6,6/28/2015 15:14,CashWtdrl,1909
158,5,5/9/2015 13:19,CashDeposit,9876
140,4,4/12/2015 12:31,ATMWDL,6983
160,4,4/13/2015 16:01,CHECKCR,5104
124,4,4/15/2015 11:00,CHECKDEPOSIT,3456
181,3,3/11/2015 14:53,CashWtdrl,8654
108,6,6/11/2015 13:20,CashDeposit,1763
105,4,4/20/2015 17:24,ATMWDL,1846
148,6,6/28/2015 15:14,CashWtdrl,2283
194,5,5/9/2015 13:19,CashDeposit,9030
157,4,4/12/2015 12:31,ATMWDL,5342
116,4,4/13/2015 16:01,CHECKCR,6068
192,4,4/15/2015 11:00,CHECKDEPOSIT,1077
149,3,3/11/2015 14:53,CashWtdrl,7360
119,6,6/11/2015 13:20,CashDeposit,6494
143,4,4/20/2015 17:24,ATMWDL,5762
166,6,6/28/2015 15:14,CashWtdrl,4024
166,5,5/9/2015 13:19,CashDeposit,1381
182,4,4/12/2015 12:31,ATMWDL,2183
144,4,4/13/2015 16:01,CHECKCR,4923
164,4,4/15/2015 11:00,CHECKDEPOSIT,2351
144,3,3/11/2015 14:53,CashWtdrl,3663
151,6,6/11/2015 13:20,CashDeposit,5290
159,4,4/20/2015 17:24,ATMWDL,5234
137,6,6/28/2015 15:14,CashWtdrl,4807
193,5,5/9/2015 13:19,CashDeposit,7961
150,4,4/12/2015 12:31,ATMWDL,1200
186,4,4/13/2015 16:01,CHECKCR,9350
134,4,4/15/2015 11:00,CHECKDEPOSIT,943
140,3,3/11/2015 14:53,CashWtdrl,5842
122,6,6/11/2015 13:20,CashDeposit,7185
133,4,4/20/2015 17:24,ATMWDL,2960
129,6,6/28/2015 15:14,CashWtdrl,5481
105,5,5/9/2015 13:19,CashDeposit,8704
151,4,4/12/2015 12:31,ATMWDL,252
182,4,4/13/2015 16:01,CHECKCR,5194
174,4,4/15/2015 11:00,CHECKDEPOSIT,8860
158,3,3/11/2015 14:53,CashWtdrl,2015
172,6,6/11/2015 13:20,CashDeposit,6644
197,4,4/20/2015 17:24,ATMWDL,5667
175,6,6/28/2015 15:14,CashWtdrl,4938
134,5,5/9/2015 13:19,CashDeposit,7450
173,4,4/12/2015 12:31,ATMWDL,3742
170,4,4/13/2015 16:01,CHECKCR,767
164,4,4/15/2015 11:00,CHECKDEPOSIT,8393
161,3,3/11/2015 14:53,CashWtdrl,4488
168,6,6/11/2015 13:20,CashDeposit,7522
143,4,4/20/2015 17:24,ATMWDL,9230
200,6,6/28/2015 15:14,CashWtdrl,7438
179,5,5/9/2015 13:19,CashDeposit,7953
124,4,4/12/2015 12:31,ATMWDL,6255
101,4,4/13/2015 16:01,CHECKCR,5776
154,4,4/15/2015 11:00,CHECKDEPOSIT,5071
149,3,3/11/2015 14:53,CashWtdrl,5788
156,6,6/11/2015 13:20,CashDeposit,9222
169,4,4/20/2015 17:24,ATMWDL,6561
115,6,6/28/2015 15:14,CHECKCR,8729
170,5,5/9/2015 13:19,CHECKDEPOSIT,4432
165,4,4/12/2015 12:31,CashWtdrl,4373
191,4,4/13/2015 16:01,CashDeposit,7563
188,4,4/15/2015 11:00,ATMWDL,9842
125,3,3/11/2015 14:53,CashWtdrl,4274
140,6,6/11/2015 13:20,CashDeposit,7799
103,4,4/20/2015 17:24,ATMWDL,563
159,6,6/28/2015 15:14,CHECKCR,9826
178,5,5/9/2015 13:19,CHECKDEPOSIT,2433
132,4,4/12/2015 12:31,CashWtdrl,736
178,4,4/13/2015 16:01,CashDeposit,5060
122,4,4/15/2015 11:00,ATMWDL,2912
198,3,3/11/2015 14:53,CashWtdrl,4797
156,6,6/11/2015 13:20,CashDeposit,3810
200,4,4/20/2015 17:24,ATMWDL,7658
155,6,6/28/2015 15:14,CHECKCR,4331
148,5,5/9/2015 13:19,CHECKDEPOSIT,5401
155,4,4/12/2015 12:31,CashWtdrl,8135
128,4,4/13/2015 16:01,CashDeposit,5146
133,4,4/15/2015 11:00,ATMWDL,8002
142,3,3/11/2015 14:53,CashWtdrl,6336
120,6,6/11/2015 13:20,CashDeposit,3137
134,4,4/20/2015 17:24,ATMWDL,765
175,6,6/28/2015 15:14,CHECKCR,5614
132,5,5/9/2015 13:19,CHECKDEPOSIT,7786
132,4,4/12/2015 12:31,CashWtdrl,8340
175,4,4/13/2015 16:01,CashDeposit,994
187,4,4/15/2015 11:00,ATMWDL,3907
162,3,3/11/2015 14:53,CashWtdrl,657
169,6,6/11/2015 13:20,CashDeposit,906
137,4,4/20/2015 17:24,ATMWDL,5828
162,6,6/28/2015 15:14,CHECKCR,8474
122,5,5/9/2015 13:19,CHECKDEPOSIT,1889
182,4,4/12/2015 12:31,CashWtdrl,2639
118,4,4/13/2015 16:01,CashDeposit,2055
170,4,4/15/2015 11:00,ATMWDL,8140
168,3,3/11/2015 14:53,CashWtdrl,3470
156,6,6/11/2015 13:20,CashDeposit,6534
158,4,4/20/2015 17:24,ATMWDL,7668
191,6,6/28/2015 15:14,CHECKCR,3582
168,5,5/9/2015 13:19,CHECKDEPOSIT,4007
124,4,4/12/2015 12:31,CashWtdrl,2175
176,4,4/13/2015 16:01,CashDeposit,9660
143,4,4/15/2015 11:00,ATMWDL,9311
200,3,3/11/2015 14:53,CashWtdrl,9553
146,6,6/11/2015 13:20,CashDeposit,4977
106,4,4/20/2015 17:24,ATMWDL,3264
104,6,6/28/2015 15:14,CHECKCR,4401
103,5,5/9/2015 13:19,CHECKDEPOSIT,9131
125,4,4/12/2015 12:31,CashWtdrl,3383
193,4,4/13/2015 16:01,CashDeposit,6041
160,4,4/15/2015 11:00,ATMWDL,1196
159,3,3/11/2015 14:53,CashWtdrl,7680
163,6,6/11/2015 13:20,CashDeposit,8560
102,4,4/20/2015 17:24,CashWtdrl,1603
129,6,6/28/2015 15:14,CashDeposit,1290
192,5,5/9/2015 13:19,ATMWDL,9588
161,4,4/12/2015 12:31,CHECKCR,9436
194,4,4/13/2015 16:01,CashWtdrl,6835
200,4,4/15/2015 11:00,CashDeposit,7964
184,3,3/11/2015 14:53,ATMWDL,3076
143,6,6/11/2015 13:20,CHECKCR,5515
189,4,4/20/2015 17:24,CHECKDEPOSIT,9156
104,6,6/28/2015 15:14,CashWtdrl,6097
126,5,5/9/2015 13:19,CashDeposit,6063
139,4,4/12/2015 12:31,ATMWDL,4204
143,4,4/13/2015 16:01,CashWtdrl,5475
149,4,4/15/2015 11:00,CashWtdrl,528
179,3,3/11/2015 14:53,CashDeposit,8312
193,6,6/11/2015 13:20,CashWtdrl,9032
171,4,4/20/2015 17:24,CashWtdrl,5538
101,6,6/28/2015 15:14,CashWtdrl,2177
195,5,5/9/2015 13:19,CashDeposit,7492
143,4,4/12/2015 12:31,ATMWDL,8244
163,4,4/13/2015 16:01,CashWtdrl,7448
181,4,4/15/2015 11:00,CashDeposit,6402
146,3,3/11/2015 14:53,ATMWDL,741
155,6,6/11/2015 13:20,CHECKCR,36
117,4,4/20/2015 17:24,CHECKDEPOSIT,7008
134,6,6/28/2015 15:14,CashWtdrl,6437
133,5,5/9/2015 13:19,CashDeposit,5757
107,4,4/12/2015 12:31,ATMWDL,85
180,4,4/13/2015 16:01,CashWtdrl,2697
198,4,4/15/2015 11:00,CashDeposit,6155
129,3,3/11/2015 14:53,ATMWDL,5297
154,6,6/11/2015 13:20,CHECKCR,4197
171,4,4/20/2015 17:24,CHECKDEPOSIT,2517
109,6,6/28/2015 15:14,CashWtdrl,746
176,5,5/9/2015 13:19,CashDeposit,824
123,4,4/12/2015 12:31,ATMWDL,4886
105,4,4/13/2015 16:01,CashWtdrl,2380
107,4,4/15/2015 11:00,CashDeposit,8261
185,3,3/11/2015 14:53,ATMWDL,2498
115,6,6/11/2015 13:20,CHECKCR,3944
166,4,4/20/2015 17:24,CHECKDEPOSIT,5332
131,6,6/28/2015 15:14,CashWtdrl,8814
121,5,5/9/2015 13:19,CashDeposit,463
121,4,4/12/2015 12:31,ATMWDL,8612
131,4,4/13/2015 16:01,CashWtdrl,3468
197,4,4/15/2015 11:00,CashDeposit,7804
144,3,3/11/2015 14:53,ATMWDL,9523
150,6,6/11/2015 13:20,CHECKCR,7046
170,4,4/20/2015 17:24,CHECKDEPOSIT,7344
143,6,6/28/2015 15:14,CashWtdrl,1679
178,5,5/9/2015 13:19,CashDeposit,6626
143,4,4/12/2015 12:31,ATMWDL,3020
119,4,4/13/2015 16:01,CashWtdrl,7137
115,4,4/15/2015 11:00,CashDeposit,3622
195,3,3/11/2015 14:53,ATMWDL,4185
150,6,6/11/2015 13:20,CHECKCR,404
135,4,4/20/2015 17:24,CHECKDEPOSIT,133
149,6,6/28/2015 15:14,CashWtdrl,7345
130,5,5/9/2015 13:19,CashDeposit,2242
142,4,4/12/2015 12:31,ATMWDL,1709
111,4,4/13/2015 16:01,CashWtdrl,2908
140,4,4/15/2015 11:00,CashDeposit,4800
197,3,3/11/2015 14:53,ATMWDL,3340
136,6,6/11/2015 13:20,CHECKCR,5526
126,4,4/20/2015 17:24,CHECKDEPOSIT,1104
151,6,6/28/2015 15:14,CashWtdrl,8396
130,5,5/9/2015 13:19,CashDeposit,659
190,4,4/12/2015 12:31,ATMWDL,6403
126,4,4/13/2015 16:01,CashWtdrl,1753
145,4,4/15/2015 11:00,CashDeposit,6998
152,3,3/11/2015 14:53,ATMWDL,647
150,6,6/11/2015 13:20,CHECKCR,6812
111,4,4/20/2015 17:24,CHECKDEPOSIT,4359
110,6,6/28/2015 15:14,CashWtdrl,6999
121,5,5/9/2015 13:19,CashDeposit,8951
177,4,4/12/2015 12:31,ATMWDL,3232
106,4,4/13/2015 16:01,CashWtdrl,902
175,4,4/15/2015 11:00,CashDeposit,8042
149,3,3/11/2015 14:53,ATMWDL,2036
191,6,6/11/2015 13:20,CHECKCR,5906
152,4,4/20/2015 17:24,CHECKDEPOSIT,2613
106,6,6/28/2015 15:14,CashWtdrl,8369
136,5,5/9/2015 13:19,CashDeposit,3795
124,4,4/12/2015 12:31,ATMWDL,3933
169,4,4/13/2015 16:01,CHECKCR,1849
163,4,4/15/2015 11:00,CHECKDEPOSIT,7912
109,3,3/11/2015 14:53,CashWtdrl,3721
189,6,6/11/2015 13:20,CashDeposit,2553
184,4,4/20/2015 17:24,ATMWDL,8307
152,6,6/28/2015 15:14,CashWtdrl,6403
169,5,5/9/2015 13:19,CashDeposit,8067
120,4,4/12/2015 12:31,ATMWDL,5050
163,4,4/13/2015 16:01,CHECKCR,5184
124,4,4/15/2015 11:00,CHECKDEPOSIT,2660
128,3,3/11/2015 14:53,CashWtdrl,2081
169,6,6/11/2015 13:20,CashDeposit,748
113,4,4/20/2015 17:24,ATMWDL,3969
119,6,6/28/2015 15:14,CashWtdrl,9388
155,5,5/9/2015 13:19,CashDeposit,2020
126,4,4/12/2015 12:31,ATMWDL,9369
180,4,4/13/2015 16:01,CHECKCR,6195
198,4,4/15/2015 11:00,CHECKDEPOSIT,113
146,3,3/11/2015 14:53,CashWtdrl,5187
120,6,6/11/2015 13:20,CashDeposit,4061
112,4,4/20/2015 17:24,ATMWDL,3908
197,6,6/28/2015 15:14,CashWtdrl,9149
102,5,5/9/2015 13:19,CashDeposit,2883
118,4,4/12/2015 12:31,ATMWDL,5333
191,4,4/13/2015 16:01,CHECKCR,9717
193,4,4/15/2015 11:00,CHECKDEPOSIT,2171
113,3,3/11/2015 14:53,CashWtdrl,7525
198,6,6/11/2015 13:20,CashDeposit,1887
180,4,4/20/2015 17:24,ATMWDL,5684
130,6,6/28/2015 15:14,CashWtdrl,7174
200,5,5/9/2015 13:19,CashDeposit,9579
115,4,4/12/2015 12:31,ATMWDL,3850
187,4,4/13/2015 16:01,CHECKCR,3773
197,4,4/15/2015 11:00,CHECKDEPOSIT,1165
132,3,3/11/2015 14:53,CashWtdrl,3517
102,6,6/11/2015 13:20,CashDeposit,5836
133,4,4/20/2015 17:24,ATMWDL,1447
150,6,6/28/2015 15:14,CashWtdrl,4221
122,5,5/9/2015 13:19,CashDeposit,3647
194,4,4/12/2015 12:31,ATMWDL,1082
191,4,4/13/2015 16:01,CHECKCR,4752
136,4,4/15/2015 11:00,CHECKDEPOSIT,2154
136,3,3/11/2015 14:53,CashWtdrl,9682
190,6,6/11/2015 13:20,CashDeposit,6294
189,4,4/20/2015 17:24,ATMWDL,3906
137,6,6/28/2015 15:14,CashWtdrl,4181
130,5,5/9/2015 13:19,CashDeposit,8137
122,4,4/12/2015 12:31,ATMWDL,3391
143,4,4/13/2015 16:01,CHECKCR,531
122,4,4/15/2015 11:00,CHECKDEPOSIT,9653
158,3,3/11/2015 14:53,CashWtdrl,3221
193,6,6/11/2015 13:20,CashDeposit,3840
145,4,4/20/2015 17:24,ATMWDL,5584
106,6,6/28/2015 15:14,CashWtdrl,2614
134,5,5/9/2015 13:19,CashDeposit,151
156,4,4/12/2015 12:31,ATMWDL,6161
117,4,4/13/2015 16:01,CHECKCR,3550
182,4,4/15/2015 11:00,CHECKDEPOSIT,6078
103,3,3/11/2015 14:53,CashWtdrl,7191
191,6,6/11/2015 13:20,CashDeposit,7149
166,4,4/20/2015 17:24,ATMWDL,6615
111,6,6/28/2015 15:14,CHECKCR,3495
187,5,5/9/2015 13:19,CHECKDEPOSIT,6423
129,4,4/12/2015 12:31,CashWtdrl,691
164,4,4/13/2015 16:01,CashDeposit,4843
178,4,4/15/2015 11:00,ATMWDL,2842
151,3,3/11/2015 14:53,CashWtdrl,1105
149,6,6/11/2015 13:20,CashDeposit,7962
150,4,4/20/2015 17:24,ATMWDL,5167
157,6,6/28/2015 15:14,CHECKCR,5493
169,5,5/9/2015 13:19,CHECKDEPOSIT,3264
126,4,4/12/2015 12:31,CashWtdrl,6371
196,4,4/13/2015 16:01,CashDeposit,7090
129,4,4/15/2015 11:00,ATMWDL,2144
153,3,3/11/2015 14:53,CashWtdrl,786
197,6,6/11/2015 13:20,CashDeposit,579
193,4,4/20/2015 17:24,ATMWDL,5046
132,6,6/28/2015 15:14,CHECKCR,7923
121,5,5/9/2015 13:19,CHECKDEPOSIT,6110
167,4,4/12/2015 12:31,CashWtdrl,3257
130,4,4/13/2015 16:01,CashDeposit,4498
173,4,4/15/2015 11:00,ATMWDL,5579
186,3,3/11/2015 14:53,CashWtdrl,9017
185,6,6/11/2015 13:20,CashDeposit,4457
197,4,4/20/2015 17:24,ATMWDL,6052
178,6,6/28/2015 15:14,CHECKCR,2130
126,5,5/9/2015 13:19,CHECKDEPOSIT,8577
167,4,4/12/2015 12:31,CashWtdrl,5094
137,4,4/13/2015 16:01,CashDeposit,2988
126,4,4/15/2015 11:00,ATMWDL,8046
172,3,3/11/2015 14:53,CashWtdrl,8732
124,6,6/11/2015 13:20,CashDeposit,6124
143,4,4/20/2015 17:24,ATMWDL,6503
185,6,6/28/2015 15:14,CHECKCR,9256
137,5,5/9/2015 13:19,CHECKDEPOSIT,8365
174,4,4/12/2015 12:31,CashWtdrl,2032
169,4,4/13/2015 16:01,CashDeposit,2637
183,4,4/15/2015 11:00,ATMWDL,1600
170,3,3/11/2015 14:53,CashWtdrl,987
133,6,6/11/2015 13:20,CashDeposit,1901
150,4,4/20/2015 17:24,ATMWDL,2284
180,6,6/28/2015 15:14,CHECKCR,2498
115,5,5/9/2015 13:19,CHECKDEPOSIT,9567
148,4,4/12/2015 12:31,CashWtdrl,1886
188,4,4/13/2015 16:01,CashDeposit,5911
118,4,4/15/2015 11:00,ATMWDL,9737
139,3,3/11/2015 14:53,CashWtdrl,6516
125,6,6/11/2015 13:20,CashDeposit,9185
176,4,4/20/2015 17:24,ATMWDL,5689
136,6,6/28/2015 15:14,CHECKCR,8477
134,5,5/9/2015 13:19,CHECKDEPOSIT,2591
152,4,4/12/2015 12:31,CashWtdrl,5056
183,4,4/13/2015 16:01,CashDeposit,475
175,4,4/15/2015 11:00,ATMWDL,3508
149,3,3/11/2015 14:53,CashWtdrl,1417
189,6,6/11/2015 13:20,CashDeposit,421
166,4,4/20/2015 17:24,CashWtdrl,6420
178,6,6/28/2015 15:14,CashDeposit,7061
147,5,5/9/2015 13:19,ATMWDL,2172
197,4,4/12/2015 12:31,CHECKCR,5901
153,4,4/13/2015 16:01,CashWtdrl,4901
181,4,4/15/2015 11:00,CashDeposit,1772
176,3,3/11/2015 14:53,ATMWDL,8353
137,6,6/11/2015 13:20,CHECKCR,9630
187,4,4/20/2015 17:24,CHECKDEPOSIT,7295
195,6,6/28/2015 15:14,CashWtdrl,4929
194,5,5/9/2015 13:19,CashDeposit,1464
185,4,4/12/2015 12:31,ATMWDL,9835
183,4,4/13/2015 16:01,CashWtdrl,1865
126,4,4/15/2015 11:00,CashWtdrl,4984
194,3,3/11/2015 14:53,CashDeposit,7844
197,6,6/11/2015 13:20,CashWtdrl,4170
104,4,4/20/2015 17:24,CashWtdrl,844
149,6,6/28/2015 15:14,CashWtdrl,8197
130,5,5/9/2015 13:19,CashDeposit,2084
120,4,4/12/2015 12:31,ATMWDL,7256
114,4,4/13/2015 16:01,CashWtdrl,5581
147,4,4/15/2015 11:00,CashDeposit,8665
182,3,3/11/2015 14:53,ATMWDL,5687
191,6,6/11/2015 13:20,CHECKCR,663
185,4,4/20/2015 17:24,CHECKDEPOSIT,1520
196,6,6/28/2015 15:14,CashWtdrl,9534
135,5,5/9/2015 13:19,CashDeposit,5800
182,4,4/12/2015 12:31,ATMWDL,8421
148,4,4/13/2015 16:01,CashWtdrl,152
133,4,4/15/2015 11:00,CashDeposit,2721
193,3,3/11/2015 14:53,ATMWDL,8542
154,6,6/11/2015 13:20,CHECKCR,8422
176,4,4/20/2015 17:24,CHECKDEPOSIT,8253
146,6,6/28/2015 15:14,CashWtdrl,2304
173,5,5/9/2015 13:19,CashDeposit,7566
153,4,4/12/2015 12:31,ATMWDL,1894
114,4,4/13/2015 16:01,CashWtdrl,2585
190,4,4/15/2015 11:00,CashDeposit,8180
183,3,3/11/2015 14:53,ATMWDL,6519
173,6,6/11/2015 13:20,CHECKCR,174
197,4,4/20/2015 17:24,CHECKDEPOSIT,1190
189,6,6/28/2015 15:14,CashWtdrl,8277
137,5,5/9/2015 13:19,CashDeposit,4548
138,4,4/12/2015 12:31,ATMWDL,4604
106,4,4/13/2015 16:01,CashWtdrl,7714
102,4,4/15/2015 11:00,CashDeposit,9409
185,3,3/11/2015 14:53,ATMWDL,4228
121,6,6/11/2015 13:20,CHECKCR,9694
126,4,4/20/2015 17:24,CHECKDEPOSIT,2479
184,6,6/28/2015 15:14,CashWtdrl,5657
136,5,5/9/2015 13:19,CashDeposit,2792
146,4,4/12/2015 12:31,ATMWDL,738
177,4,4/13/2015 16:01,CashWtdrl,5884
199,4,4/15/2015 11:00,CashDeposit,8725
168,3,3/11/2015 14:53,ATMWDL,2885
111,6,6/11/2015 13:20,CHECKCR,9472
164,4,4/20/2015 17:24,CHECKDEPOSIT,6544
114,6,6/28/2015 15:14,CashWtdrl,1183
136,5,5/9/2015 13:19,CashDeposit,7181
182,4,4/12/2015 12:31,ATMWDL,3067
122,4,4/13/2015 16:01,CashWtdrl,3731
142,4,4/15/2015 11:00,CashDeposit,2216
192,3,3/11/2015 14:53,ATMWDL,7858
154,6,6/11/2015 13:20,CHECKCR,6885
123,4,4/20/2015 17:24,CHECKDEPOSIT,4253
111,6,6/28/2015 15:14,CashWtdrl,5934
197,5,5/9/2015 13:19,CashDeposit,773
185,4,4/12/2015 12:31,ATMWDL,9412
174,4,4/13/2015 16:01,CashWtdrl,7578
103,4,4/15/2015 11:00,CashDeposit,1132
184,3,3/11/2015 14:53,ATMWDL,564
113,6,6/11/2015 13:20,CHECKCR,1629
124,4,4/20/2015 17:24,CHECKDEPOSIT,6810
113,6,6/28/2015 15:14,CashWtdrl,5048
136,5,5/9/2015 13:19,CashDeposit,2018
124,4,4/12/2015 12:31,ATMWDL,8720
106,4,4/13/2015 16:01,CashWtdrl,1578
170,4,4/15/2015 11:00,CashDeposit,1852
122,3,3/11/2015 14:53,ATMWDL,4375
131,6,6/11/2015 13:20,CHECKCR,1953
101,4,4/20/2015 17:24,CHECKDEPOSIT,1770
182,6,6/28/2015 15:14,CashWtdrl,681
164,5,5/9/2015 13:19,CashDeposit,2782
158,4,4/12/2015 12:31,ATMWDL,6589
136,4,4/13/2015 16:01,CHECKCR,4736
128,4,4/15/2015 11:00,CHECKDEPOSIT,6002
103,3,3/11/2015 14:53,CashWtdrl,3353
115,6,6/11/2015 13:20,CashDeposit,3985
166,4,4/20/2015 17:24,ATMWDL,5502
187,6,6/28/2015 15:14,CashWtdrl,5486
175,5,5/9/2015 13:19,CashDeposit,1987
159,4,4/12/2015 12:31,ATMWDL,7585
123,4,4/13/2015 16:01,CHECKCR,5427
113,4,4/15/2015 11:00,CHECKDEPOSIT,2546
174,3,3/11/2015 14:53,CashWtdrl,9191
112,6,6/11/2015 13:20,CashDeposit,8414
138,4,4/20/2015 17:24,ATMWDL,3092
125,6,6/28/2015 15:14,CashWtdrl,2715
150,5,5/9/2015 13:19,CashDeposit,8037
119,4,4/12/2015 12:31,ATMWDL,3962
199,4,4/13/2015 16:01,CHECKCR,4313
103,4,4/15/2015 11:00,CHECKDEPOSIT,888
171,3,3/11/2015 14:53,CashWtdrl,9830
191,6,6/11/2015 13:20,CashDeposit,6532
110,4,4/20/2015 17:24,ATMWDL,2133
185,6,6/28/2015 15:14,CashWtdrl,5513
114,5,5/9/2015 13:19,CashDeposit,7688
125,4,4/12/2015 12:31,ATMWDL,9348
175,4,4/13/2015 16:01,CHECKCR,9600
174,4,4/15/2015 11:00,CHECKDEPOSIT,4628
156,3,3/11/2015 14:53,CashWtdrl,7574
109,6,6/11/2015 13:20,CashDeposit,8011
182,4,4/20/2015 17:24,ATMWDL,1672
135,6,6/28/2015 15:14,CashWtdrl,2481
177,5,5/9/2015 13:19,CashWtdrl,9387
188,4,4/12/2015 12:31,CashDeposit,7412
181,4,4/13/2015 16:01,ATMWDL,3270
114,4,4/15/2015 11:00,CashWtdrl,8950
129,3,3/11/2015 14:53,CashDeposit,7522
107,6,6/11/2015 13:20,ATMWDL,3824
175,4,4/20/2015 17:24,CHECKCR,686
191,6,6/28/2015 15:14,CHECKDEPOSIT,8585
160,5,5/9/2015 13:19,CashWtdrl,3596
156,4,4/12/2015 12:31,CashDeposit,8361
169,4,4/13/2015 16:01,ATMWDL,2894
120,4,4/15/2015 11:00,CashWtdrl,1711
155,3,3/11/2015 14:53,CashDeposit,4352
102,6,6/11/2015 13:20,ATMWDL,5187
117,4,4/20/2015 17:24,CHECKCR,5501
167,6,6/28/2015 15:14,CHECKDEPOSIT,2842
137,5,5/9/2015 13:19,CashWtdrl,7077
127,4,4/12/2015 12:31,CashDeposit,8816
167,4,4/13/2015 16:01,ATMWDL,5298
161,4,4/15/2015 11:00,CashWtdrl,8192
161,3,3/11/2015 14:53,CashDeposit,6501
100,6,6/11/2015 13:20,ATMWDL,2586
195,4,4/20/2015 17:24,CHECKCR,9868
163,6,6/28/2015 15:14,CHECKDEPOSIT,3213
130,5,5/9/2015 13:19,CashWtdrl,3750
167,4,4/12/2015 12:31,CashDeposit,9450
174,4,4/13/2015 16:01,ATMWDL,1505
132,4,4/15/2015 11:00,CashWtdrl,3555
193,3,3/11/2015 14:53,CashDeposit,4808
137,6,6/11/2015 13:20,ATMWDL,9178
181,4,4/20/2015 17:24,CHECKCR,9166
193,6,6/28/2015 15:14,CHECKDEPOSIT,8076
135,5,5/9/2015 13:19,CashWtdrl,6045
116,4,4/12/2015 12:31,CashDeposit,9052
131,4,4/13/2015 16:01,ATMWDL,4826
190,4,4/15/2015 11:00,CashWtdrl,5231
111,3,3/11/2015 14:53,CashDeposit,4337
166,6,6/11/2015 13:20,ATMWDL,3848
185,4,4/20/2015 17:24,CHECKCR,6515
144,6,6/28/2015 15:14,CHECKDEPOSIT,8772
177,5,5/9/2015 13:19,CashWtdrl,7168
152,4,4/12/2015 12:31,CashDeposit,3577
124,4,4/13/2015 16:01,ATMWDL,9197
194,4,4/15/2015 11:00,CashWtdrl,2021
129,3,3/11/2015 14:53,CashDeposit,8818
153,6,6/11/2015 13:20,ATMWDL,2428
171,4,4/20/2015 17:24,CHECKCR,5445
106,6,6/28/2015 15:14,CHECKDEPOSIT,1556
130,5,5/9/2015 13:19,CashWtdrl,4154
152,4,4/12/2015 12:31,CashDeposit,3416
132,4,4/13/2015 16:01,ATMWDL,4133
100,4,4/15/2015 11:00,CashWtdrl,574
188,3,3/11/2015 14:53,CashDeposit,2479
139,6,6/11/2015 13:20,ATMWDL,5341
148,4,4/20/2015 17:24,CHECKCR,4514
167,6,6/28/2015 15:14,CHECKDEPOSIT,3905
135,5,5/9/2015 13:19,CashWtdrl,9558
114,4,4/12/2015 12:31,CashDeposit,5597
118,4,4/13/2015 16:01,ATMWDL,7671
199,4,4/15/2015 11:00,CashWtdrl,8572
106,3,3/11/2015 14:53,CashDeposit,6419
117,6,6/11/2015 13:20,ATMWDL,9068
137,4,4/20/2015 17:24,CHECKCR,5352
144,6,6/28/2015 15:14,CHECKDEPOSIT,7641
116,5,5/9/2015 13:19,CashWtdrl,5145
195,4,4/12/2015 12:31,CashDeposit,5342
154,4,4/13/2015 16:01,ATMWDL,4536
183,4,4/15/2015 11:00,CHECKCR,9077
162,3,3/11/2015 14:53,CHECKDEPOSIT,639
161,6,6/11/2015 13:20,CashWtdrl,1064
111,4,4/20/2015 17:24,CashDeposit,9785
135,6,6/28/2015 15:14,ATMWDL,5178
155,5,5/9/2015 13:19,CashWtdrl,9592
167,4,4/12/2015 12:31,CashDeposit,7441
101,4,4/13/2015 16:01,ATMWDL,2024
132,4,4/15/2015 11:00,CHECKCR,1512
138,3,3/11/2015 14:53,CHECKDEPOSIT,6488
124,6,6/11/2015 13:20,CashWtdrl,6615
194,4,4/20/2015 17:24,CashDeposit,2368
167,6,6/28/2015 15:14,ATMWDL,1141
167,5,5/9/2015 13:19,CashWtdrl,4256
150,4,4/12/2015 12:31,CashDeposit,4956
119,4,4/13/2015 16:01,ATMWDL,8193
155,4,4/15/2015 11:00,CHECKCR,7780
150,3,3/11/2015 14:53,CHECKDEPOSIT,8011
187,6,6/11/2015 13:20,CashWtdrl,2056
142,4,4/20/2015 17:24,CashDeposit,8971
182,6,6/28/2015 15:14,ATMWDL,5800
149,5,5/9/2015 13:19,CashWtdrl,4258
111,4,4/12/2015 12:31,CashDeposit,9184
164,4,4/13/2015 16:01,ATMWDL,2999
148,4,4/15/2015 11:00,CHECKCR,3853
157,3,3/11/2015 14:53,CHECKDEPOSIT,3871
152,6,6/11/2015 13:20,CashWtdrl,5341
189,4,4/20/2015 17:24,CashDeposit,3076
196,6,6/28/2015 15:14,ATMWDL,7910
198,5,5/9/2015 13:19,CashWtdrl,1893
136,4,4/12/2015 12:31,CashDeposit,652
110,4,4/13/2015 16:01,ATMWDL,6367
110,4,4/15/2015 11:00,CHECKCR,1559
122,3,3/11/2015 14:53,CHECKDEPOSIT,145
105,6,6/11/2015 13:20,CashWtdrl,8195
108,4,4/20/2015 17:24,CashDeposit,114
148,6,6/28/2015 15:14,ATMWDL,9928
181,5,5/9/2015 13:19,CashWtdrl,3999
103,4,4/12/2015 12:31,CashDeposit,473
190,4,4/13/2015 16:01,ATMWDL,7405
140,4,4/15/2015 11:00,CHECKCR,6041
140,3,3/11/2015 14:53,CHECKDEPOSIT,7504
120,6,6/11/2015 13:20,CashWtdrl,5611
125,4,4/20/2015 17:24,CashDeposit,6985
178,6,6/28/2015 15:14,ATMWDL,4980
188,5,5/9/2015 13:19,CashWtdrl,4919
173,4,4/12/2015 12:31,CashDeposit,9559
156,4,4/13/2015 16:01,ATMWDL,5260
163,4,4/15/2015 11:00,CHECKCR,4323
187,3,3/11/2015 14:53,CHECKDEPOSIT,8697
179,6,6/11/2015 13:20,CashWtdrl,6571
164,4,4/20/2015 17:24,CashDeposit,6547
189,6,6/28/2015 15:14,ATMWDL,2001
160,5,5/9/2015 13:19,CashWtdrl,2721
133,4,4/12/2015 12:31,CashDeposit,7050
168,4,4/13/2015 16:01,ATMWDL,2727
181,4,4/15/2015 11:00,CHECKCR,8636
123,3,3/11/2015 14:53,CHECKDEPOSIT,5011
102,6,6/11/2015 13:20,CashWtdrl,4384
159,4,4/20/2015 17:24,CashDeposit,3626
124,6,6/28/2015 15:14,ATMWDL,3927
183,5,5/9/2015 13:19,CHECKCR,2441
175,4,4/12/2015 12:31,CHECKDEPOSIT,6018
175,4,4/13/2015 16:01,CashWtdrl,1394
195,4,4/15/2015 11:00,CashDeposit,8658
195,3,3/11/2015 14:53,ATMWDL,9259
171,6,6/11/2015 13:20,CashWtdrl,7624
176,4,4/20/2015 17:24,CashDeposit,5998
173,6,6/28/2015 15:14,ATMWDL,6106
161,5,5/9/2015 13:19,CHECKCR,4634
169,4,4/12/2015 12:31,CHECKDEPOSIT,1974
171,4,4/13/2015 16:01,CashWtdrl,7610
193,4,4/15/2015 11:00,CashDeposit,1440
104,3,3/11/2015 14:53,ATMWDL,847
108,6,6/11/2015 13:20,CashWtdrl,9461
145,4,4/20/2015 17:24,CashDeposit,2122
189,6,6/28/2015 15:14,ATMWDL,584
101,5,5/9/2015 13:19,CHECKCR,9581
147,4,4/12/2015 12:31,CHECKDEPOSIT,8077
129,4,4/13/2015 16:01,CashWtdrl,1380
187,4,4/15/2015 11:00,CashDeposit,8736
133,3,3/11/2015 14:53,ATMWDL,3463
128,6,6/11/2015 13:20,CashWtdrl,6600
167,4,4/20/2015 17:24,CashDeposit,6498
195,6,6/28/2015 15:14,ATMWDL,2821
179,5,5/9/2015 13:19,CHECKCR,7489
184,4,4/12/2015 12:31,CHECKDEPOSIT,4908
170,4,4/13/2015 16:01,CashWtdrl,4691
138,4,4/15/2015 11:00,CashDeposit,8384
153,3,3/11/2015 14:53,ATMWDL,663
127,6,6/11/2015 13:20,CashWtdrl,347
193,4,4/20/2015 17:24,CashDeposit,2698
177,6,6/28/2015 15:14,ATMWDL,4166
114,5,5/9/2015 13:19,CHECKCR,4914
170,4,4/12/2015 12:31,CHECKDEPOSIT,9941
133,4,4/13/2015 16:01,CashWtdrl,6454
111,4,4/15/2015 11:00,CashDeposit,734
159,3,3/11/2015 14:53,ATMWDL,4064
148,6,6/11/2015 13:20,CashWtdrl,9853
169,4,4/20/2015 17:24,CashDeposit,7576
164,6,6/28/2015 15:14,ATMWDL,3134
106,5,5/9/2015 13:19,CHECKCR,7772
141,4,4/12/2015 12:31,CHECKDEPOSIT,2358
188,4,4/13/2015 16:01,CashWtdrl,7965
110,4,4/15/2015 11:00,CashDeposit,2924
154,3,3/11/2015 14:53,ATMWDL,3481
177,6,6/11/2015 13:20,CashWtdrl,921
123,4,4/20/2015 17:24,CashDeposit,7271
186,6,6/28/2015 15:14,ATMWDL,6406
138,5,5/9/2015 13:19,CHECKCR,5997
152,4,4/12/2015 12:31,CHECKDEPOSIT,418
162,4,4/13/2015 16:01,CashWtdrl,9748
197,4,4/15/2015 11:00,CashDeposit,5473
144,3,3/11/2015 14:53,ATMWDL,6914
169,6,6/11/2015 13:20,CashWtdrl,3676
135,4,4/20/2015 17:24,CashDeposit,3878
108,6,6/28/2015 15:14,CashWtdrl,8959
189,5,5/9/2015 13:19,CashDeposit,1435
175,4,4/12/2015 12:31,ATMWDL,9593
107,4,4/13/2015 16:01,CHECKCR,1616
116,4,4/15/2015 11:00,CashWtdrl,7474
198,3,3/11/2015 14:53,CashDeposit,9177
126,6,6/11/2015 13:20,ATMWDL,8118
172,4,4/20/2015 17:24,CHECKCR,7346
199,6,6/28/2015 15:14,CHECKDEPOSIT,2616
120,5,5/9/2015 13:19,CashWtdrl,2926
123,4,4/12/2015 12:31,CashDeposit,1050
128,4,4/13/2015 16:01,ATMWDL,6791
107,4,4/15/2015 11:00,CashWtdrl,1915
165,3,3/11/2015 14:53,CashWtdrl,2631
187,6,6/11/2015 13:20,CashDeposit,7404
108,4,4/20/2015 17:24,CashWtdrl,409
105,6,6/28/2015 15:14,CashWtdrl,4267
125,5,5/9/2015 13:19,CashWtdrl,8393
178,4,4/12/2015 12:31,CashDeposit,1073
149,4,4/13/2015 16:01,ATMWDL,2614
119,4,4/15/2015 11:00,CashWtdrl,2978
129,3,3/11/2015 14:53,CashDeposit,4757
139,6,6/11/2015 13:20,ATMWDL,8986
182,4,4/20/2015 17:24,CHECKCR,9678
133,6,6/28/2015 15:14,CHECKDEPOSIT,3348
126,5,5/9/2015 13:19,CashWtdrl,9070
142,4,4/12/2015 12:31,CashDeposit,9402
116,4,4/13/2015 16:01,ATMWDL,3857
114,4,4/15/2015 11:00,CashWtdrl,2281
198,3,3/11/2015 14:53,CashDeposit,8950
171,6,6/11/2015 13:20,ATMWDL,1357
129,4,4/20/2015 17:24,CHECKCR,3636
199,6,6/28/2015 15:14,CHECKDEPOSIT,4733
167,5,5/9/2015 13:19,CashWtdrl,715
177,4,4/12/2015 12:31,CashDeposit,9410
179,4,4/13/2015 16:01,ATMWDL,3511
112,4,4/15/2015 11:00,CashWtdrl,5285
104,3,3/11/2015 14:53,CashDeposit,4900
138,6,6/11/2015 13:20,ATMWDL,4573
157,4,4/20/2015 17:24,CHECKCR,6416
162,6,6/28/2015 15:14,CHECKDEPOSIT,5046
148,5,5/9/2015 13:19,CashWtdrl,4696
156,4,4/12/2015 12:31,CashDeposit,3382
127,4,4/13/2015 16:01,ATMWDL,8412
120,4,4/15/2015 11:00,CashWtdrl,6085
175,3,3/11/2015 14:53,CashDeposit,6615
139,6,6/11/2015 13:20,ATMWDL,6679
175,4,4/20/2015 17:24,CHECKCR,5055
100,6,6/28/2015 15:14,CHECKDEPOSIT,5339
130,5,5/9/2015 13:19,CashWtdrl,3403
103,4,4/12/2015 12:31,CashDeposit,9790
113,4,4/13/2015 16:01,ATMWDL,3910
165,4,4/15/2015 11:00,CashWtdrl,3783
152,3,3/11/2015 14:53,CashDeposit,2319
105,6,6/11/2015 13:20,ATMWDL,5249
175,4,4/20/2015 17:24,CHECKCR,7705
135,6,6/28/2015 15:14,CHECKDEPOSIT,9246
126,5,5/9/2015 13:19,CashWtdrl,8512
152,4,4/12/2015 12:31,CashDeposit,7459
122,4,4/13/2015 16:01,ATMWDL,8304
152,4,4/15/2015 11:00,CashWtdrl,6789
155,3,3/11/2015 14:53,CashDeposit,8597
171,6,6/11/2015 13:20,ATMWDL,1914
150,4,4/20/2015 17:24,CHECKCR,1012
114,6,6/28/2015 15:14,CHECKDEPOSIT,3684
190,5,5/9/2015 13:19,CashWtdrl,4945
184,4,4/12/2015 12:31,CashDeposit,8614
187,4,4/13/2015 16:01,ATMWDL,3002
145,4,4/15/2015 11:00,CashWtdrl,8085
176,3,3/11/2015 14:53,CashDeposit,5611
122,6,6/11/2015 13:20,ATMWDL,501
149,4,4/20/2015 17:24,CHECKCR,3585
163,6,6/28/2015 15:14,CHECKDEPOSIT,2289
101,5,5/9/2015 13:19,CashWtdrl,5804
152,4,4/12/2015 12:31,CashDeposit,7993
177,4,4/13/2015 16:01,ATMWDL,2377
100,4,4/15/2015 11:00,CashWtdrl,9000
105,3,3/11/2015 14:53,CashDeposit,3355
147,6,6/11/2015 13:20,ATMWDL,2902
151,4,4/20/2015 17:24,CHECKCR,1137
125,6,6/28/2015 15:14,CHECKDEPOSIT,3786
138,5,5/9/2015 13:19,CashWtdrl,9871
179,4,4/12/2015 12:31,CashDeposit,3136
103,4,4/13/2015 16:01,ATMWDL,1474
101,4,4/15/2015 11:00,CHECKCR,8930
175,3,3/11/2015 14:53,CHECKDEPOSIT,3587
160,6,6/11/2015 13:20,CashWtdrl,2006
169,4,4/20/2015 17:24,CashDeposit,2430
123,6,6/28/2015 15:14,ATMWDL,2781
155,5,5/9/2015 13:19,CashWtdrl,4327
194,4,4/12/2015 12:31,CashDeposit,5624
100,4,4/13/2015 16:01,ATMWDL,3335
183,4,4/15/2015 11:00,CHECKCR,4838
161,3,3/11/2015 14:53,CHECKDEPOSIT,4918
141,6,6/11/2015 13:20,CashWtdrl,7154
194,4,4/20/2015 17:24,CashDeposit,1657
135,6,6/28/2015 15:14,ATMWDL,3373
108,5,5/9/2015 13:19,CashWtdrl,9650
168,4,4/12/2015 12:31,CashDeposit,4289
154,4,4/13/2015 16:01,ATMWDL,1571
123,4,4/15/2015 11:00,CHECKCR,7996
138,3,3/11/2015 14:53,CHECKDEPOSIT,8224
185,6,6/11/2015 13:20,CashWtdrl,8695
199,4,4/20/2015 17:24,CashDeposit,2639
163,6,6/28/2015 15:14,ATMWDL,3130
177,5,5/9/2015 13:19,CashWtdrl,341
118,4,4/12/2015 12:31,CashDeposit,6086
115,4,4/13/2015 16:01,ATMWDL,5970
189,4,4/15/2015 11:00,CHECKCR,3132
159,3,3/11/2015 14:53,CHECKDEPOSIT,5604
165,6,6/11/2015 13:20,CashWtdrl,7518
174,4,4/20/2015 17:24,CashDeposit,55
134,6,6/28/2015 15:14,ATMWDL,1081
101,5,5/9/2015 13:19,CashWtdrl,7328
163,4,4/12/2015 12:31,CashDeposit,4001
150,4,4/13/2015 16:01,ATMWDL,6005
118,4,4/15/2015 11:00,CHECKCR,6782
155,3,3/11/2015 14:53,CHECKDEPOSIT,8330
146,6,6/11/2015 13:20,CashWtdrl,3233
174,4,4/20/2015 17:24,CashDeposit,7121
126,6,6/28/2015 15:14,ATMWDL,3986
129,5,5/9/2015 13:19,CashWtdrl,6693
179,4,4/12/2015 12:31,CashDeposit,370
128,4,4/13/2015 16:01,ATMWDL,5145
197,4,4/15/2015 11:00,CHECKCR,8381
147,3,3/11/2015 14:53,CHECKDEPOSIT,7683
147,6,6/11/2015 13:20,CashWtdrl,5725
116,4,4/20/2015 17:24,CashDeposit,4238
160,6,6/28/2015 15:14,ATMWDL,2574
172,5,5/9/2015 13:19,CashWtdrl,9246
103,4,4/12/2015 12:31,CashDeposit,1841
120,4,4/13/2015 16:01,ATMWDL,8731
167,4,4/15/2015 11:00,CHECKCR,6825
132,3,3/11/2015 14:53,CHECKDEPOSIT,3556
125,6,6/11/2015 13:20,CashWtdrl,4623
149,4,4/20/2015 17:24,CashDeposit,235
199,6,6/28/2015 15:14,ATMWDL,6780
169,5,5/9/2015 13:19,CashWtdrl,8781
111,4,4/12/2015 12:31,CashDeposit,2219
165,4,4/13/2015 16:01,ATMWDL,377
180,4,4/15/2015 11:00,CHECKCR,5906
146,3,3/11/2015 14:53,CHECKDEPOSIT,1890
170,6,6/11/2015 13:20,CashWtdrl,2877
120,4,4/20/2015 17:24,CashDeposit,8126
124,6,6/28/2015 15:14,ATMWDL,1323
157,5,5/9/2015 13:19,CHECKCR,833
142,4,4/12/2015 12:31,CHECKDEPOSIT,6009
106,4,4/13/2015 16:01,CashWtdrl,3004
121,4,4/15/2015 11:00,CashDeposit,2621
188,3,3/11/2015 14:53,ATMWDL,9842
130,6,6/11/2015 13:20,CashWtdrl,5107
128,4,4/20/2015 17:24,CashDeposit,2706
160,6,6/28/2015 15:14,ATMWDL,7840
107,5,5/9/2015 13:19,CHECKCR,4102
197,4,4/12/2015 12:31,CHECKDEPOSIT,6055
153,4,4/13/2015 16:01,CashWtdrl,664
191,4,4/15/2015 11:00,CashDeposit,2092
104,3,3/11/2015 14:53,ATMWDL,3572
175,6,6/11/2015 13:20,CashWtdrl,4033
144,4,4/20/2015 17:24,CashDeposit,4565
129,6,6/28/2015 15:14,ATMWDL,7825
155,5,5/9/2015 13:19,CHECKCR,2494
126,4,4/12/2015 12:31,CHECKDEPOSIT,1196
142,4,4/13/2015 16:01,CashWtdrl,4997
179,4,4/15/2015 11:00,CashDeposit,8898
152,3,3/11/2015 14:53,ATMWDL,7532
194,6,6/11/2015 13:20,CashWtdrl,3903
107,4,4/20/2015 17:24,CashDeposit,8070
178,6,6/28/2015 15:14,ATMWDL,6776
144,5,5/9/2015 13:19,CHECKCR,6717
125,4,4/12/2015 12:31,CHECKDEPOSIT,4370
126,4,4/13/2015 16:01,CashWtdrl,419
107,4,4/15/2015 11:00,CashDeposit,8090
183,3,3/11/2015 14:53,ATMWDL,273
200,6,6/11/2015 13:20,CashWtdrl,7847
139,4,4/20/2015 17:24,CashDeposit,7616
191,6,6/28/2015 15:14,ATMWDL,1676
181,5,5/9/2015 13:19,CHECKCR,9768
140,4,4/12/2015 12:31,CHECKDEPOSIT,3172
130,4,4/13/2015 16:01,CashWtdrl,6320
196,4,4/15/2015 11:00,CashDeposit,9253
125,3,3/11/2015 14:53,ATMWDL,983
138,6,6/11/2015 13:20,CashWtdrl,7713
104,4,4/20/2015 17:24,CashDeposit,7561
133,6,6/28/2015 15:14,ATMWDL,4955
102,5,5/9/2015 13:19,CHECKCR,3403
101,4,4/12/2015 12:31,CHECKDEPOSIT,307
109,4,4/13/2015 16:01,CashWtdrl,4197
159,4,4/15/2015 11:00,CashDeposit,1416
104,3,3/11/2015 14:53,ATMWDL,5193
130,6,6/11/2015 13:20,CashWtdrl,4919
176,4,4/20/2015 17:24,CashDeposit,4042
103,6,6/28/2015 15:14,ATMWDL,3394
105,5,5/9/2015 13:19,CHECKCR,9296
103,4,4/12/2015 12:31,CHECKDEPOSIT,2803
123,4,4/13/2015 16:01,CashWtdrl,2572
130,4,4/15/2015 11:00,CashDeposit,6998
137,3,3/11/2015 14:53,ATMWDL,3274
153,6,6/11/2015 13:20,CashWtdrl,4954
172,4,4/20/2015 17:24,CashDeposit,4144
124,6,6/28/2015 15:14,CashWtdrl,1994
131,5,5/9/2015 13:19,CashDeposit,6797
170,4,4/12/2015 12:31,ATMWDL,3641
165,4,4/13/2015 16:01,CHECKCR,6618
181,4,4/15/2015 11:00,CashWtdrl,87
122,3,3/11/2015 14:53,CashDeposit,3612
146,6,6/11/2015 13:20,ATMWDL,3252
165,4,4/20/2015 17:24,CHECKCR,1795
108,6,6/28/2015 15:14,CHECKDEPOSIT,9403
172,5,5/9/2015 13:19,CashWtdrl,9566
130,4,4/12/2015 12:31,CashDeposit,6413
185,4,4/13/2015 16:01,ATMWDL,7114
148,4,4/15/2015 11:00,CashWtdrl,6155
144,3,3/11/2015 14:53,CashWtdrl,602
136,6,6/11/2015 13:20,CashDeposit,2323
156,4,4/20/2015 17:24,CashWtdrl,8010
138,6,6/28/2015 15:14,CashWtdrl,4474
196,5,5/9/2015 13:19,CashWtdrl,3278
163,4,4/12/2015 12:31,CashDeposit,8747
105,4,4/13/2015 16:01,ATMWDL,9360
124,4,4/15/2015 11:00,CashWtdrl,5426
162,3,3/11/2015 14:53,CashDeposit,2135
171,6,6/11/2015 13:20,ATMWDL,9286
108,4,4/20/2015 17:24,CHECKCR,4190
165,6,6/28/2015 15:14,CHECKDEPOSIT,7202
105,5,5/9/2015 13:19,CashWtdrl,6288
147,4,4/12/2015 12:31,CashDeposit,5241
164,4,4/13/2015 16:01,ATMWDL,7255
160,4,4/15/2015 11:00,CashWtdrl,2837
173,3,3/11/2015 14:53,CashDeposit,155
146,6,6/11/2015 13:20,ATMWDL,2553
134,4,4/20/2015 17:24,CHECKCR,7897
107,6,6/28/2015 15:14,CHECKDEPOSIT,7324
124,5,5/9/2015 13:19,CashWtdrl,2635
139,4,4/12/2015 12:31,CashDeposit,9660
165,4,4/13/2015 16:01,ATMWDL,8030
193,4,4/15/2015 11:00,CashWtdrl,4737
148,3,3/11/2015 14:53,CashDeposit,5654
171,6,6/11/2015 13:20,ATMWDL,9972
118,4,4/20/2015 17:24,CHECKCR,4766
189,6,6/28/2015 15:14,CHECKDEPOSIT,3882
133,5,5/9/2015 13:19,CashWtdrl,2667
175,4,4/12/2015 12:31,CashDeposit,9927
154,4,4/13/2015 16:01,ATMWDL,970
170,4,4/15/2015 11:00,CashWtdrl,3526
118,3,3/11/2015 14:53,CashDeposit,5638
109,6,6/11/2015 13:20,ATMWDL,2951
183,4,4/20/2015 17:24,CHECKCR,1845
104,6,6/28/2015 15:14,CHECKDEPOSIT,7971
144,5,5/9/2015 13:19,CashWtdrl,1842
189,4,4/12/2015 12:31,CashDeposit,5499
134,4,4/13/2015 16:01,ATMWDL,352
119,4,4/15/2015 11:00,CashWtdrl,1638
147,3,3/11/2015 14:53,CashDeposit,7273
116,6,6/11/2015 13:20,ATMWDL,4503
100,4,4/20/2015 17:24,CHECKCR,5914
164,6,6/28/2015 15:14,CHECKDEPOSIT,9219
152,5,5/9/2015 13:19,CashWtdrl,5580
163,4,4/12/2015 12:31,CashDeposit,512
124,4,4/13/2015 16:01,ATMWDL,2326
167,4,4/15/2015 11:00,CashWtdrl,7653
142,3,3/11/2015 14:53,CashDeposit,7633
167,6,6/11/2015 13:20,ATMWDL,8823
154,4,4/20/2015 17:24,CHECKCR,4733
133,6,6/28/2015 15:14,CHECKDEPOSIT,8608
190,5,5/9/2015 13:19,CashWtdrl,8345
113,4,4/12/2015 12:31,CashDeposit,1141
113,4,4/13/2015 16:01,ATMWDL,1600
198,4,4/15/2015 11:00,CashWtdrl,5610
148,3,3/11/2015 14:53,CashDeposit,5900
159,6,6/11/2015 13:20,ATMWDL,5294
107,4,4/20/2015 17:24,CHECKCR,3132
177,6,6/28/2015 15:14,CHECKDEPOSIT,7764
159,5,5/9/2015 13:19,CashWtdrl,1072
164,4,4/12/2015 12:31,CashDeposit,9496
175,4,4/13/2015 16:01,ATMWDL,7210
180,4,4/15/2015 11:00,CashWtdrl,5643
100,3,3/11/2015 14:53,CashDeposit,4887
123,6,6/11/2015 13:20,ATMWDL,2371
188,4,4/20/2015 17:24,CHECKCR,50
108,6,6/28/2015 15:14,CHECKDEPOSIT,4954
200,5,5/9/2015 13:19,CashWtdrl,9279
191,4,4/12/2015 12:31,CashDeposit,3924
150,4,4/13/2015 16:01,ATMWDL,3949
165,4,4/15/2015 11:00,CHECKCR,6956
164,3,3/11/2015 14:53,CHECKDEPOSIT,6428
166,6,6/11/2015 13:20,CashWtdrl,1301
146,4,4/20/2015 17:24,CashDeposit,9203
186,6,6/28/2015 15:14,ATMWDL,6555
170,5,5/9/2015 13:19,CashWtdrl,6942
199,4,4/12/2015 12:31,CashDeposit,9961
141,4,4/13/2015 16:01,ATMWDL,247
168,4,4/15/2015 11:00,CHECKCR,5285
113,3,3/11/2015 14:53,CHECKDEPOSIT,5308
147,6,6/11/2015 13:20,CashWtdrl,8466
167,4,4/20/2015 17:24,CashDeposit,9534
109,6,6/28/2015 15:14,ATMWDL,4763
179,5,5/9/2015 13:19,CashWtdrl,1397
113,4,4/12/2015 12:31,CashDeposit,4297
148,4,4/13/2015 16:01,ATMWDL,9764
119,4,4/15/2015 11:00,CHECKCR,7103
179,3,3/11/2015 14:53,CHECKDEPOSIT,7904
174,6,6/11/2015 13:20,CashWtdrl,2161
165,4,4/20/2015 17:24,CashDeposit,6600
160,6,6/28/2015 15:14,ATMWDL,5800
136,5,5/9/2015 13:19,CashWtdrl,4044
183,4,4/12/2015 12:31,CashDeposit,9093
183,4,4/13/2015 16:01,ATMWDL,4389
157,4,4/15/2015 11:00,CHECKCR,6447
110,3,3/11/2015 14:53,CHECKDEPOSIT,1344
183,6,6/11/2015 13:20,CashWtdrl,6543
134,4,4/20/2015 17:24,CashDeposit,4818
139,6,6/28/2015 15:14,ATMWDL,853
111,5,5/9/2015 13:19,CashWtdrl,9642
127,4,4/12/2015 12:31,CashWtdrl,7120
160,4,4/13/2015 16:01,CashDeposit,2667
105,4,4/15/2015 11:00,ATMWDL,9862
181,3,3/11/2015 14:53,CashWtdrl,379
149,6,6/11/2015 13:20,CashDeposit,6748
143,4,4/20/2015 17:24,ATMWDL,7072
177,6,6/28/2015 15:14,CHECKCR,3786
125,5,5/9/2015 13:19,CHECKDEPOSIT,6784
157,4,4/12/2015 12:31,CashWtdrl,2343
177,4,4/13/2015 16:01,CashDeposit,7875
186,4,4/15/2015 11:00,ATMWDL,2635
139,3,3/11/2015 14:53,CashWtdrl,7886
153,6,6/11/2015 13:20,CashDeposit,3587
191,4,4/20/2015 17:24,ATMWDL,1024
147,6,6/28/2015 15:14,CHECKCR,9065
184,5,5/9/2015 13:19,CHECKDEPOSIT,3842
140,4,4/12/2015 12:31,CashWtdrl,6463
142,4,4/13/2015 16:01,CashDeposit,4669
103,4,4/15/2015 11:00,ATMWDL,1679
176,3,3/11/2015 14:53,CashWtdrl,6009
146,6,6/11/2015 13:20,CashDeposit,594
191,4,4/20/2015 17:24,ATMWDL,7647
158,6,6/28/2015 15:14,CHECKCR,2730
179,5,5/9/2015 13:19,CHECKDEPOSIT,192
152,4,4/12/2015 12:31,CashWtdrl,1463
157,4,4/13/2015 16:01,CashDeposit,9510
179,4,4/15/2015 11:00,ATMWDL,9842
151,3,3/11/2015 14:53,CashWtdrl,460
158,6,6/11/2015 13:20,CashDeposit,5831
114,4,4/20/2015 17:24,ATMWDL,5452
126,6,6/28/2015 15:14,CHECKCR,8375
115,5,5/9/2015 13:19,CHECKDEPOSIT,7773
176,4,4/12/2015 12:31,CashWtdrl,2170
118,4,4/13/2015 16:01,CashDeposit,9917
121,4,4/15/2015 11:00,ATMWDL,728
150,3,3/11/2015 14:53,CashWtdrl,7569
180,6,6/11/2015 13:20,CashDeposit,7386
121,4,4/20/2015 17:24,ATMWDL,434
192,6,6/28/2015 15:14,CHECKCR,4423
193,5,5/9/2015 13:19,CHECKDEPOSIT,2842
137,4,4/12/2015 12:31,CashWtdrl,8745
137,4,4/13/2015 16:01,CashDeposit,8723
164,4,4/15/2015 11:00,ATMWDL,1853
180,3,3/11/2015 14:53,CashWtdrl,8109
157,6,6/11/2015 13:20,CashDeposit,9118
193,4,4/20/2015 17:24,ATMWDL,4048
107,6,6/28/2015 15:14,CHECKCR,6334
106,5,5/9/2015 13:19,CHECKDEPOSIT,6473
191,4,4/12/2015 12:31,CashWtdrl,3365
130,4,4/13/2015 16:01,CashDeposit,2883
104,4,4/15/2015 11:00,ATMWDL,5881
150,3,3/11/2015 14:53,CashWtdrl,4493
156,6,6/11/2015 13:20,CashDeposit,3675
144,4,4/20/2015 17:24,ATMWDL,9775
133,6,6/28/2015 15:14,CHECKCR,6654
160,5,5/9/2015 13:19,CHECKDEPOSIT,8305
112,4,4/12/2015 12:31,CashWtdrl,9961
122,4,4/13/2015 16:01,CashDeposit,5973
102,4,4/15/2015 11:00,ATMWDL,9809
165,3,3/11/2015 14:53,CashWtdrl,9497
149,6,6/11/2015 13:20,CashDeposit,9923
143,4,4/20/2015 17:24,ATMWDL,1207
168,6,6/28/2015 15:14,CHECKCR,3942
182,5,5/9/2015 13:19,CHECKDEPOSIT,3508
101,4,4/12/2015 12:31,CashWtdrl,4143
119,4,4/13/2015 16:01,CashDeposit,7922
175,4,4/15/2015 11:00,ATMWDL,9266
164,3,3/11/2015 14:53,CHECKCR,2020
178,6,6/11/2015 13:20,CHECKDEPOSIT,8349
178,4,4/20/2015 17:24,CashWtdrl,3965
126,6,6/28/2015 15:14,CashDeposit,4252
129,5,5/9/2015 13:19,ATMWDL,1454
193,4,4/12/2015 12:31,CashWtdrl,4150
153,4,4/13/2015 16:01,CashDeposit,7511
137,4,4/15/2015 11:00,ATMWDL,4315
174,3,3/11/2015 14:53,CHECKCR,1927
149,6,6/11/2015 13:20,CHECKDEPOSIT,9328
102,4,4/20/2015 17:24,CashWtdrl,907
117,6,6/28/2015 15:14,CashDeposit,6334
149,5,5/9/2015 13:19,ATMWDL,1829
171,4,4/12/2015 12:31,CashWtdrl,5099
155,4,4/13/2015 16:01,CashDeposit,1056
182,4,4/15/2015 11:00,ATMWDL,1560
169,3,3/11/2015 14:53,CHECKCR,9471
147,6,6/11/2015 13:20,CHECKDEPOSIT,1008
161,4,4/20/2015 17:24,CashWtdrl,6346
109,6,6/28/2015 15:14,CashDeposit,5593
181,5,5/9/2015 13:19,ATMWDL,8588
180,4,4/12/2015 12:31,CashWtdrl,4860
168,4,4/13/2015 16:01,CashDeposit,3356
174,4,4/15/2015 11:00,ATMWDL,5761
109,3,3/11/2015 14:53,CHECKCR,1933
153,6,6/11/2015 13:20,CHECKDEPOSIT,1663
186,4,4/20/2015 17:24,CashWtdrl,1903
119,6,6/28/2015 15:14,CashDeposit,8692
192,5,5/9/2015 13:19,ATMWDL,937
188,4,4/12/2015 12:31,CashWtdrl,3193
118,4,4/13/2015 16:01,CashDeposit,9577
156,4,4/15/2015 11:00,ATMWDL,1500
169,3,3/11/2015 14:53,CHECKCR,8997
162,6,6/11/2015 13:20,CHECKDEPOSIT,6882
127,4,4/20/2015 17:24,CashWtdrl,6224
157,6,6/28/2015 15:14,CashDeposit,6739
148,5,5/9/2015 13:19,ATMWDL,821
138,4,4/12/2015 12:31,CashWtdrl,540
143,4,4/13/2015 16:01,CashDeposit,9884
190,4,4/15/2015 11:00,ATMWDL,3704
158,3,3/11/2015 14:53,CHECKCR,6800
195,6,6/11/2015 13:20,CHECKDEPOSIT,896
116,4,4/20/2015 17:24,CashWtdrl,4918
178,6,6/28/2015 15:14,CashDeposit,6894
174,5,5/9/2015 13:19,ATMWDL,5854
127,4,4/12/2015 12:31,CashWtdrl,2420
121,4,4/13/2015 16:01,CashDeposit,5705
135,4,4/15/2015 11:00,ATMWDL,6666
137,3,3/11/2015 14:53,CHECKCR,7934
169,6,6/11/2015 13:20,CHECKDEPOSIT,9207
184,4,4/20/2015 17:24,CashWtdrl,7745
172,6,6/28/2015 15:14,CashDeposit,9525
165,5,5/9/2015 13:19,ATMWDL,2971
166,4,4/12/2015 12:31,CashWtdrl,5182
196,4,4/13/2015 16:01,CashDeposit,3530
144,4,4/15/2015 11:00,ATMWDL,8734
152,3,3/11/2015 14:53,CHECKCR,2632
133,6,6/11/2015 13:20,CHECKDEPOSIT,8049
113,4,4/20/2015 17:24,CashWtdrl,263
153,6,6/28/2015 15:14,CashDeposit,553
108,5,5/9/2015 13:19,ATMWDL,1039
119,4,4/12/2015 12:31,CHECKCR,4488
171,4,4/13/2015 16:01,CHECKDEPOSIT,3607
172,4,4/15/2015 11:00,CashWtdrl,5875
196,3,3/11/2015 14:53,CashDeposit,5842
137,6,6/11/2015 13:20,ATMWDL,5934
178,4,4/20/2015 17:24,CashWtdrl,8447
135,6,6/28/2015 15:14,CashDeposit,591
156,5,5/9/2015 13:19,ATMWDL,4416
183,4,4/12/2015 12:31,CHECKCR,2698
133,4,4/13/2015 16:01,CHECKDEPOSIT,3462
149,4,4/15/2015 11:00,CashWtdrl,4599
120,3,3/11/2015 14:53,CashDeposit,4202
179,6,6/11/2015 13:20,ATMWDL,735
199,4,4/20/2015 17:24,CashWtdrl,5365
155,6,6/28/2015 15:14,CashDeposit,2888
126,5,5/9/2015 13:19,ATMWDL,7337
199,4,4/12/2015 12:31,CHECKCR,8968
122,4,4/13/2015 16:01,CHECKDEPOSIT,4170
132,4,4/15/2015 11:00,CashWtdrl,5022
189,3,3/11/2015 14:53,CashDeposit,6459
188,6,6/11/2015 13:20,ATMWDL,7282
141,4,4/20/2015 17:24,CashWtdrl,1799
162,6,6/28/2015 15:14,CashDeposit,9664
106,5,5/9/2015 13:19,ATMWDL,4656
147,4,4/12/2015 12:31,CHECKCR,526
156,4,4/13/2015 16:01,CHECKDEPOSIT,7458
127,4,4/15/2015 11:00,CashWtdrl,6461
126,3,3/11/2015 14:53,CashDeposit,668
124,6,6/11/2015 13:20,ATMWDL,4659
125,4,4/20/2015 17:24,CashWtdrl,4937
143,6,6/28/2015 15:14,CashDeposit,2740
111,5,5/9/2015 13:19,ATMWDL,2375
197,4,4/12/2015 12:31,CHECKCR,2136
185,4,4/13/2015 16:01,CHECKDEPOSIT,9733
174,4,4/15/2015 11:00,CashWtdrl,5701
113,3,3/11/2015 14:53,CashDeposit,3335
126,6,6/11/2015 13:20,ATMWDL,7959
182,4,4/20/2015 17:24,CashWtdrl,853
190,6,6/28/2015 15:14,CashDeposit,9124
136,5,5/9/2015 13:19,ATMWDL,8000
127,4,4/12/2015 12:31,CHECKCR,4776
167,4,4/13/2015 16:01,CHECKDEPOSIT,2092
151,4,4/15/2015 11:00,CashWtdrl,494
168,3,3/11/2015 14:53,CashDeposit,2235
196,6,6/11/2015 13:20,ATMWDL,4423
141,4,4/20/2015 17:24,CashWtdrl,3279
128,6,6/28/2015 15:14,CashDeposit,2126
139,5,5/9/2015 13:19,ATMWDL,8011
175,4,4/12/2015 12:31,CHECKCR,9745
130,4,4/13/2015 16:01,CHECKDEPOSIT,1655
148,4,4/15/2015 11:00,CashWtdrl,5637
164,3,3/11/2015 14:53,CashDeposit,3521
196,6,6/11/2015 13:20,ATMWDL,2235
105,4,4/20/2015 17:24,CashWtdrl,771
180,6,6/28/2015 15:14,CashDeposit,5886
167,5,5/9/2015 13:19,CashWtdrl,2951
157,4,4/12/2015 12:31,CashDeposit,9390
146,4,4/13/2015 16:01,ATMWDL,745
101,4,4/15/2015 11:00,CHECKCR,4839
145,3,3/11/2015 14:53,CashWtdrl,6852
166,6,6/11/2015 13:20,CashDeposit,4460
170,4,4/20/2015 17:24,ATMWDL,4669
116,6,6/28/2015 15:14,CHECKCR,4579
101,5,5/9/2015 13:19,CHECKDEPOSIT,8474
129,4,4/12/2015 12:31,CashWtdrl,3441
102,4,4/13/2015 16:01,CashDeposit,9608
110,4,4/15/2015 11:00,ATMWDL,7954
157,3,3/11/2015 14:53,CashWtdrl,3082
159,6,6/11/2015 13:20,CashWtdrl,9855
122,4,4/20/2015 17:24,CashDeposit,6212
138,6,6/28/2015 15:14,CashWtdrl,7711
169,5,5/9/2015 13:19,CashWtdrl,1111
152,4,4/12/2015 12:31,CashWtdrl,356
187,4,4/13/2015 16:01,CashDeposit,2557
117,4,4/15/2015 11:00,ATMWDL,3329
200,3,3/11/2015 14:53,CashWtdrl,6720
181,6,6/11/2015 13:20,CashDeposit,7547
120,4,4/20/2015 17:24,ATMWDL,7509
124,6,6/28/2015 15:14,CHECKCR,7046
106,5,5/9/2015 13:19,CHECKDEPOSIT,9948
137,4,4/12/2015 12:31,CashWtdrl,4326
130,4,4/13/2015 16:01,CashDeposit,1500
182,4,4/15/2015 11:00,ATMWDL,8087
136,3,3/11/2015 14:53,CashWtdrl,642
147,6,6/11/2015 13:20,CashDeposit,3873
113,4,4/20/2015 17:24,ATMWDL,55
107,6,6/28/2015 15:14,CHECKCR,4089
139,5,5/9/2015 13:19,CHECKDEPOSIT,6091
177,4,4/12/2015 12:31,CashWtdrl,416
131,4,4/13/2015 16:01,CashDeposit,8056
187,4,4/15/2015 11:00,ATMWDL,1733
149,3,3/11/2015 14:53,CashWtdrl,8982
117,6,6/11/2015 13:20,CashDeposit,523
192,4,4/20/2015 17:24,ATMWDL,1321
196,6,6/28/2015 15:14,CHECKCR,6437
199,5,5/9/2015 13:19,CHECKDEPOSIT,429
138,4,4/12/2015 12:31,CashWtdrl,5249
143,4,4/13/2015 16:01,CashDeposit,1023
187,4,4/15/2015 11:00,ATMWDL,7298
124,3,3/11/2015 14:53,CashWtdrl,1905
154,6,6/11/2015 13:20,CashDeposit,749
169,4,4/20/2015 17:24,ATMWDL,2623
145,6,6/28/2015 15:14,CHECKCR,6691
147,5,5/9/2015 13:19,CHECKDEPOSIT,4297
127,4,4/12/2015 12:31,CashWtdrl,2822
115,4,4/13/2015 16:01,CashDeposit,9340
147,4,4/15/2015 11:00,ATMWDL,748
161,3,3/11/2015 14:53,CashWtdrl,91
177,6,6/11/2015 13:20,CashDeposit,4808
131,4,4/20/2015 17:24,ATMWDL,4143
144,6,6/28/2015 15:14,CHECKCR,1195
185,5,5/9/2015 13:19,CHECKDEPOSIT,6724
194,4,4/12/2015 12:31,CashWtdrl,3664
173,4,4/13/2015 16:01,CashDeposit,1855
189,4,4/15/2015 11:00,ATMWDL,9474
151,3,3/11/2015 14:53,CashWtdrl,8427
108,6,6/11/2015 13:20,CashDeposit,7583
174,4,4/20/2015 17:24,ATMWDL,5307
144,6,6/28/2015 15:14,CHECKCR,9762
154,5,5/9/2015 13:19,CHECKDEPOSIT,317
125,4,4/12/2015 12:31,CashWtdrl,8560
189,4,4/13/2015 16:01,CashDeposit,550
199,4,4/15/2015 11:00,ATMWDL,5559
198,3,3/11/2015 14:53,CashWtdrl,3089
143,6,6/11/2015 13:20,CashDeposit,3897
189,4,4/20/2015 17:24,ATMWDL,7780
145,6,6/28/2015 15:14,CHECKCR,7217
132,5,5/9/2015 13:19,CHECKDEPOSIT,4506
187,4,4/12/2015 12:31,CashWtdrl,1160
111,4,4/13/2015 16:01,CashDeposit,3961
107,4,4/15/2015 11:00,ATMWDL,4843
116,3,3/11/2015 14:53,CashWtdrl,4507
121,6,6/11/2015 13:20,CashDeposit,8185
186,4,4/20/2015 17:24,ATMWDL,1530
196,6,6/28/2015 15:14,CHECKCR,416
149,5,5/9/2015 13:19,CHECKDEPOSIT,3768
194,4,4/12/2015 12:31,CashWtdrl,8378
143,4,4/13/2015 16:01,CashDeposit,6106
191,4,4/15/2015 11:00,ATMWDL,8240
159,3,3/11/2015 14:53,CHECKCR,4905
154,6,6/11/2015 13:20,CHECKDEPOSIT,5582
176,4,4/20/2015 17:24,CashWtdrl,1647
164,6,6/28/2015 15:14,CashDeposit,9264
152,5,5/9/2015 13:19,ATMWDL,3236
109,4,4/12/2015 12:31,CashWtdrl,9423
198,4,4/13/2015 16:01,CashDeposit,5080
161,4,4/15/2015 11:00,ATMWDL,2255
153,3,3/11/2015 14:53,CHECKCR,6571
191,6,6/11/2015 13:20,CHECKDEPOSIT,2297
164,4,4/20/2015 17:24,CashWtdrl,51
131,6,6/28/2015 15:14,CashDeposit,5155
154,5,5/9/2015 13:19,ATMWDL,2394
198,4,4/12/2015 12:31,CashWtdrl,3409
117,4,4/13/2015 16:01,CashDeposit,1304
151,4,4/15/2015 11:00,ATMWDL,6767
170,3,3/11/2015 14:53,CHECKCR,8197
150,6,6/11/2015 13:20,CHECKDEPOSIT,2868
180,4,4/20/2015 17:24,CashWtdrl,5985
194,6,6/28/2015 15:14,CashDeposit,6711
101,5,5/9/2015 13:19,ATMWDL,3144
124,4,4/12/2015 12:31,CashWtdrl,3653
136,4,4/13/2015 16:01,CashDeposit,4986
152,4,4/15/2015 11:00,ATMWDL,9688
100,3,3/11/2015 14:53,CHECKCR,3661
187,6,6/11/2015 13:20,CHECKDEPOSIT,1035
100,4,4/20/2015 17:24,CashWtdrl,6224
188,6,6/28/2015 15:14,CashDeposit,9694
109,5,5/9/2015 13:19,ATMWDL,605
151,4,4/12/2015 12:31,CashWtdrl,6027
197,4,4/13/2015 16:01,CashDeposit,6471
174,4,4/15/2015 11:00,ATMWDL,5761
185,3,3/11/2015 14:53,CHECKCR,9966
178,6,6/11/2015 13:20,CHECKDEPOSIT,2676
163,4,4/20/2015 17:24,CashWtdrl,5273
160,6,6/28/2015 15:14,CashDeposit,1076
183,5,5/9/2015 13:19,ATMWDL,2103
176,4,4/12/2015 12:31,CashWtdrl,2229
196,4,4/13/2015 16:01,CashDeposit,3772
113,4,4/15/2015 11:00,ATMWDL,8177
118,3,3/11/2015 14:53,CHECKCR,8253
133,6,6/11/2015 13:20,CHECKDEPOSIT,7362
178,4,4/20/2015 17:24,CashWtdrl,6231
164,6,6/28/2015 15:14,CashDeposit,4233
199,5,5/9/2015 13:19,ATMWDL,9945
119,4,4/12/2015 12:31,CashWtdrl,8468
191,4,4/13/2015 16:01,CashDeposit,1725
104,4,4/15/2015 11:00,ATMWDL,1163
168,3,3/11/2015 14:53,CHECKCR,5351
116,6,6/11/2015 13:20,CHECKDEPOSIT,90
174,4,4/20/2015 17:24,CashWtdrl,3081
195,6,6/28/2015 15:14,CashDeposit,1336
200,5,5/9/2015 13:19,ATMWDL,9024
128,4,4/12/2015 12:31,CashWtdrl,7554
191,4,4/13/2015 16:01,CashDeposit,7807
137,4,4/15/2015 11:00,ATMWDL,7396
187,3,3/11/2015 14:53,CHECKCR,1447
131,6,6/11/2015 13:20,CHECKDEPOSIT,2142
135,4,4/20/2015 17:24,CashWtdrl,1006
188,6,6/28/2015 15:14,CashDeposit,801
125,5,5/9/2015 13:19,ATMWDL,6734
158,4,4/12/2015 12:31,CHECKCR,9359
194,4,4/13/2015 16:01,CHECKDEPOSIT,6297
140,4,4/15/2015 11:00,CashWtdrl,2688
115,3,3/11/2015 14:53,CashDeposit,8860
104,6,6/11/2015 13:20,ATMWDL,2856
139,4,4/20/2015 17:24,CashWtdrl,7708
156,6,6/28/2015 15:14,CashDeposit,8656
195,5,5/9/2015 13:19,ATMWDL,3024
155,4,4/12/2015 12:31,CHECKCR,4682
147,4,4/13/2015 16:01,CHECKDEPOSIT,5631
177,4,4/15/2015 11:00,CashWtdrl,4651
190,3,3/11/2015 14:53,CashDeposit,9276
138,6,6/11/2015 13:20,ATMWDL,29
175,4,4/20/2015 17:24,CashWtdrl,8624
122,6,6/28/2015 15:14,CashDeposit,3429
159,5,5/9/2015 13:19,ATMWDL,7999
146,4,4/12/2015 12:31,CHECKCR,6955
174,4,4/13/2015 16:01,CHECKDEPOSIT,2750
197,4,4/15/2015 11:00,CashWtdrl,381
181,3,3/11/2015 14:53,CashDeposit,5060
140,6,6/11/2015 13:20,ATMWDL,4399
156,4,4/20/2015 17:24,CashWtdrl,5591
113,6,6/28/2015 15:14,CashDeposit,1058
137,5,5/9/2015 13:19,ATMWDL,7407
177,4,4/12/2015 12:31,CHECKCR,993
127,4,4/13/2015 16:01,CHECKDEPOSIT,2983
130,4,4/15/2015 11:00,CashWtdrl,470
103,3,3/11/2015 14:53,CashDeposit,5833
166,6,6/11/2015 13:20,ATMWDL,3939
136,4,4/20/2015 17:24,CashWtdrl,1253
138,6,6/28/2015 15:14,CashDeposit,3249
120,5,5/9/2015 13:19,ATMWDL,6182
165,4,4/12/2015 12:31,CHECKCR,3402
104,4,4/13/2015 16:01,CHECKDEPOSIT,6578
180,4,4/15/2015 11:00,CashWtdrl,94
176,3,3/11/2015 14:53,CashDeposit,7024
193,6,6/11/2015 13:20,ATMWDL,4590
188,4,4/20/2015 17:24,CashWtdrl,1393
131,6,6/28/2015 15:14,CashDeposit,582
183,5,5/9/2015 13:19,ATMWDL,4832
171,4,4/12/2015 12:31,CHECKCR,9838
175,4,4/13/2015 16:01,CHECKDEPOSIT,1317
185,4,4/15/2015 11:00,CashWtdrl,9037
150,3,3/11/2015 14:53,CashDeposit,6681
146,6,6/11/2015 13:20,ATMWDL,825
159,4,4/20/2015 17:24,CashWtdrl,1330
111,6,6/28/2015 15:14,CashDeposit,7219
185,5,5/9/2015 13:19,ATMWDL,4034
102,4,4/12/2015 12:31,CHECKCR,843
157,4,4/13/2015 16:01,CHECKDEPOSIT,2439
166,4,4/15/2015 11:00,CashWtdrl,2741
185,3,3/11/2015 14:53,CashDeposit,6560
182,6,6/11/2015 13:20,ATMWDL,5447
197,4,4/20/2015 17:24,CashWtdrl,8345
150,6,6/28/2015 15:14,CashDeposit,3008
124,5,5/9/2015 13:19,CashWtdrl,1480
163,4,4/12/2015 12:31,CashDeposit,4057
107,4,4/13/2015 16:01,ATMWDL,7220
161,4,4/15/2015 11:00,CHECKCR,8051
146,3,3/11/2015 14:53,CashWtdrl,6072
109,6,6/11/2015 13:20,CashDeposit,2398
101,4,4/20/2015 17:24,ATMWDL,6513
141,6,6/28/2015 15:14,CHECKCR,9624
175,5,5/9/2015 13:19,CHECKDEPOSIT,6244
150,4,4/12/2015 12:31,CashWtdrl,4571
195,4,4/13/2015 16:01,CashDeposit,565
169,4,4/15/2015 11:00,ATMWDL,6107
150,3,3/11/2015 14:53,CashWtdrl,2209
101,6,6/11/2015 13:20,CashWtdrl,2119
166,4,4/20/2015 17:24,CashDeposit,4621
178,6,6/28/2015 15:14,CashWtdrl,4561
181,5,5/9/2015 13:19,CashWtdrl,7730
194,4,4/12/2015 12:31,CashWtdrl,5377
196,4,4/13/2015 16:01,CashDeposit,2124
140,4,4/15/2015 11:00,ATMWDL,8916
105,3,3/11/2015 14:53,CashWtdrl,4383
165,6,6/11/2015 13:20,CashDeposit,9705
143,4,4/20/2015 17:24,ATMWDL,6600
171,6,6/28/2015 15:14,CHECKCR,9386
110,5,5/9/2015 13:19,CHECKDEPOSIT,7006
123,4,4/12/2015 12:31,CashWtdrl,5759
118,4,4/13/2015 16:01,CashDeposit,1839
167,4,4/15/2015 11:00,ATMWDL,788
180,3,3/11/2015 14:53,CashWtdrl,3820
107,6,6/11/2015 13:20,CashDeposit,2613
143,4,4/20/2015 17:24,ATMWDL,2257
181,6,6/28/2015 15:14,CHECKCR,3064
174,5,5/9/2015 13:19,CHECKDEPOSIT,7735
128,4,4/12/2015 12:31,CashWtdrl,9555
151,4,4/13/2015 16:01,CashDeposit,5688
144,4,4/15/2015 11:00,ATMWDL,4256
129,3,3/11/2015 14:53,CashWtdrl,1617
128,6,6/11/2015 13:20,CashDeposit,6551
178,4,4/20/2015 17:24,ATMWDL,4241
166,6,6/28/2015 15:14,CHECKCR,7916
155,5,5/9/2015 13:19,CHECKDEPOSIT,5130
116,4,4/12/2015 12:31,CashWtdrl,9451
160,4,4/13/2015 16:01,CashDeposit,4114
121,4,4/15/2015 11:00,ATMWDL,2161
152,3,3/11/2015 14:53,CashWtdrl,1491
136,6,6/11/2015 13:20,CashDeposit,1382
129,4,4/20/2015 17:24,ATMWDL,6856
110,6,6/28/2015 15:14,CHECKCR,1749
180,5,5/9/2015 13:19,CHECKDEPOSIT,9278
138,4,4/12/2015 12:31,CashWtdrl,8892
192,4,4/13/2015 16:01,CashDeposit,8451
119,4,4/15/2015 11:00,ATMWDL,1362
107,3,3/11/2015 14:53,CashWtdrl,3179
184,6,6/11/2015 13:20,CashDeposit,5312
115,4,4/20/2015 17:24,ATMWDL,1346
174,6,6/28/2015 15:14,CHECKCR,3952
178,5,5/9/2015 13:19,CHECKDEPOSIT,4632
140,4,4/12/2015 12:31,CashWtdrl,6934
138,4,4/13/2015 16:01,CashDeposit,7527
145,4,4/15/2015 11:00,ATMWDL,3913
165,3,3/11/2015 14:53,CashWtdrl,3122
127,6,6/11/2015 13:20,CashDeposit,6152
121,4,4/20/2015 17:24,ATMWDL,9776
184,6,6/28/2015 15:14,CHECKCR,4809
139,5,5/9/2015 13:19,CHECKDEPOSIT,7792
104,4,4/12/2015 12:31,CashWtdrl,3615
169,4,4/13/2015 16:01,CashDeposit,9959
111,4,4/15/2015 11:00,ATMWDL,3141
158,3,3/11/2015 14:53,CashWtdrl,5547
174,6,6/11/2015 13:20,CashDeposit,1695
174,4,4/20/2015 17:24,ATMWDL,6152
165,6,6/28/2015 15:14,CHECKCR,883
178,5,5/9/2015 13:19,CHECKDEPOSIT,7932
182,4,4/12/2015 12:31,CashWtdrl,80
195,4,4/13/2015 16:01,CashDeposit,1154
139,4,4/15/2015 11:00,ATMWDL,8366
141,3,3/11/2015 14:53,CashWtdrl,3621
162,6,6/11/2015 13:20,CashDeposit,4553
116,4,4/20/2015 17:24,ATMWDL,4689
117,6,6/28/2015 15:14,CHECKCR,551
107,5,5/9/2015 13:19,CHECKDEPOSIT,2510
108,4,4/12/2015 12:31,CashWtdrl,9917
114,4,4/13/2015 16:01,CashDeposit,4147
131,4,4/15/2015 11:00,ATMWDL,6466
189,3,3/11/2015 14:53,CHECKCR,8553
141,6,6/11/2015 13:20,CHECKDEPOSIT,2190
131,4,4/20/2015 17:24,CashWtdrl,2574
194,6,6/28/2015 15:14,CashDeposit,7768
127,5,5/9/2015 13:19,ATMWDL,7533
115,4,4/12/2015 12:31,CashWtdrl,6161
177,4,4/13/2015 16:01,CashDeposit,4677
169,4,4/15/2015 11:00,ATMWDL,1545
190,3,3/11/2015 14:53,CHECKCR,5961
183,6,6/11/2015 13:20,CHECKDEPOSIT,4778
182,4,4/20/2015 17:24,CashWtdrl,8457
111,6,6/28/2015 15:14,CashDeposit,1989
170,5,5/9/2015 13:19,ATMWDL,6543
186,4,4/12/2015 12:31,CashWtdrl,9951
141,4,4/13/2015 16:01,CashDeposit,7866
143,4,4/15/2015 11:00,ATMWDL,6586
116,3,3/11/2015 14:53,CHECKCR,538
166,6,6/11/2015 13:20,CHECKDEPOSIT,6152
104,4,4/20/2015 17:24,CashWtdrl,4952
127,6,6/28/2015 15:14,CashDeposit,2700
150,5,5/9/2015 13:19,ATMWDL,7852
120,4,4/12/2015 12:31,CashWtdrl,3812
194,4,4/13/2015 16:01,CashDeposit,9497
124,4,4/15/2015 11:00,ATMWDL,7968
121,3,3/11/2015 14:53,CHECKCR,9298
198,6,6/11/2015 13:20,CHECKDEPOSIT,5662
145,4,4/20/2015 17:24,CashWtdrl,5345
112,6,6/28/2015 15:14,CashDeposit,9671
140,5,5/9/2015 13:19,ATMWDL,6271
176,4,4/12/2015 12:31,CashWtdrl,7978
101,4,4/13/2015 16:01,CashWtdrl,9867
103,4,4/15/2015 11:00,CashDeposit,1178
193,3,3/11/2015 14:53,ATMWDL,4614
118,6,6/11/2015 13:20,CashWtdrl,644
130,4,4/20/2015 17:24,CashDeposit,7055
191,6,6/28/2015 15:14,ATMWDL,5532
146,5,5/9/2015 13:19,CHECKCR,9800
144,4,4/12/2015 12:31,CHECKDEPOSIT,4085
121,4,4/13/2015 16:01,CashWtdrl,7846
167,4,4/15/2015 11:00,CashDeposit,5763
124,3,3/11/2015 14:53,ATMWDL,2919
192,6,6/11/2015 13:20,CashWtdrl,3127
200,4,4/20/2015 17:24,CashDeposit,7768
196,6,6/28/2015 15:14,ATMWDL,1943
185,5,5/9/2015 13:19,CHECKCR,7749
175,4,4/12/2015 12:31,CHECKDEPOSIT,1514
115,4,4/13/2015 16:01,CashWtdrl,9413
128,4,4/15/2015 11:00,CashDeposit,8521
191,3,3/11/2015 14:53,ATMWDL,4233
156,6,6/11/2015 13:20,CashWtdrl,3148
162,4,4/20/2015 17:24,CashDeposit,8432
190,6,6/28/2015 15:14,ATMWDL,968
105,5,5/9/2015 13:19,CHECKCR,1431
180,4,4/12/2015 12:31,CHECKDEPOSIT,2608
191,4,4/13/2015 16:01,CashWtdrl,959
171,4,4/15/2015 11:00,CashDeposit,6712
132,3,3/11/2015 14:53,ATMWDL,7029
138,6,6/11/2015 13:20,CashWtdrl,9139
151,4,4/20/2015 17:24,CashDeposit,397
128,6,6/28/2015 15:14,ATMWDL,9780
135,5,5/9/2015 13:19,CHECKCR,3863
155,4,4/12/2015 12:31,CHECKDEPOSIT,9334
135,4,4/13/2015 16:01,CashWtdrl,6429
168,4,4/15/2015 11:00,CashDeposit,459
131,3,3/11/2015 14:53,ATMWDL,5746
106,6,6/11/2015 13:20,CashWtdrl,5407
156,4,4/20/2015 17:24,CashDeposit,8569
111,6,6/28/2015 15:14,ATMWDL,3554
133,5,5/9/2015 13:19,CHECKCR,3893
118,4,4/12/2015 12:31,CHECKDEPOSIT,3630
126,4,4/13/2015 16:01,CashWtdrl,1358
189,4,4/15/2015 11:00,CashDeposit,6706
126,3,3/11/2015 14:53,ATMWDL,1530
151,6,6/11/2015 13:20,CashWtdrl,5823
125,4,4/20/2015 17:24,CashDeposit,6033
194,6,6/28/2015 15:14,ATMWDL,9604
189,5,5/9/2015 13:19,CHECKCR,9130
136,4,4/12/2015 12:31,CHECKDEPOSIT,927
139,4,4/13/2015 16:01,CashWtdrl,9779
159,4,4/15/2015 11:00,CashDeposit,5216
122,3,3/11/2015 14:53,ATMWDL,1052
146,6,6/11/2015 13:20,CashWtdrl,7339
158,4,4/20/2015 17:24,CashDeposit,9613
114,6,6/28/2015 15:14,ATMWDL,9568
132,5,5/9/2015 13:19,CHECKCR,2195
180,4,4/12/2015 12:31,CHECKDEPOSIT,2200
141,4,4/13/2015 16:01,CashWtdrl,9016
147,4,4/15/2015 11:00,CashDeposit,4600
177,3,3/11/2015 14:53,ATMWDL,5861
153,6,6/11/2015 13:20,CashWtdrl,4186
169,4,4/20/2015 17:24,CashDeposit,5491
138,6,6/28/2015 15:14,ATMWDL,6431
151,5,5/9/2015 13:19,CHECKCR,370
138,4,4/12/2015 12:31,CHECKDEPOSIT,9432
161,4,4/13/2015 16:01,CashWtdrl,6774
139,4,4/15/2015 11:00,CashDeposit,4106
155,3,3/11/2015 14:53,ATMWDL,817
181,6,6/11/2015 13:20,CHECKCR,9390
180,4,4/20/2015 17:24,CHECKDEPOSIT,8152
141,6,6/28/2015 15:14,CashWtdrl,2897
131,5,5/9/2015 13:19,CashDeposit,2808
156,4,4/12/2015 12:31,ATMWDL,5927
199,4,4/13/2015 16:01,CashWtdrl,4463
106,4,4/15/2015 11:00,CashDeposit,3283
171,3,3/11/2015 14:53,ATMWDL,6722
188,6,6/11/2015 13:20,CHECKCR,3545
150,4,4/20/2015 17:24,CHECKDEPOSIT,5113
135,6,6/28/2015 15:14,CashWtdrl,204
184,5,5/9/2015 13:19,CashDeposit,8160
148,4,4/12/2015 12:31,ATMWDL,6220
168,4,4/13/2015 16:01,CashWtdrl,2053
155,4,4/15/2015 11:00,CashDeposit,5347
191,3,3/11/2015 14:53,ATMWDL,6378
146,6,6/11/2015 13:20,CHECKCR,5342
191,4,4/20/2015 17:24,CHECKDEPOSIT,4362
166,6,6/28/2015 15:14,CashWtdrl,3825
136,5,5/9/2015 13:19,CashDeposit,3200
196,4,4/12/2015 12:31,ATMWDL,4295
155,4,4/13/2015 16:01,CashWtdrl,6238
127,4,4/15/2015 11:00,CashDeposit,4703
118,3,3/11/2015 14:53,ATMWDL,6256
158,6,6/11/2015 13:20,CHECKCR,7541
106,4,4/20/2015 17:24,CHECKDEPOSIT,9212
123,6,6/28/2015 15:14,CashWtdrl,7366
133,5,5/9/2015 13:19,CashDeposit,609
107,4,4/12/2015 12:31,ATMWDL,6154
158,4,4/13/2015 16:01,CashWtdrl,5369
177,4,4/15/2015 11:00,CashDeposit,2613
142,3,3/11/2015 14:53,ATMWDL,5791
146,6,6/11/2015 13:20,CHECKCR,7594
126,4,4/20/2015 17:24,CHECKDEPOSIT,9275
191,6,6/28/2015 15:14,CashWtdrl,6591
151,5,5/9/2015 13:19,CashDeposit,9827
102,4,4/12/2015 12:31,ATMWDL,747
149,4,4/13/2015 16:01,CashWtdrl,9191
143,4,4/15/2015 11:00,CashDeposit,9950
171,3,3/11/2015 14:53,ATMWDL,6201
118,6,6/11/2015 13:20,CHECKCR,7385
177,4,4/20/2015 17:24,CHECKDEPOSIT,5755
101,6,6/28/2015 15:14,CashWtdrl,8560
173,5,5/9/2015 13:19,CashDeposit,8474
162,4,4/12/2015 12:31,ATMWDL,5310
110,4,4/13/2015 16:01,CashWtdrl,4269
110,4,4/15/2015 11:00,CashDeposit,7644
189,3,3/11/2015 14:53,ATMWDL,7575
197,6,6/11/2015 13:20,CHECKCR,3844
181,4,4/20/2015 17:24,CHECKDEPOSIT,8587
188,6,6/28/2015 15:14,CashWtdrl,9458
138,5,5/9/2015 13:19,CashDeposit,1924
129,4,4/12/2015 12:31,ATMWDL,9781
123,4,4/13/2015 16:01,CashWtdrl,5034
111,4,4/15/2015 11:00,CashDeposit,7507
141,3,3/11/2015 14:53,ATMWDL,8580
139,6,6/11/2015 13:20,CHECKCR,2628
175,4,4/20/2015 17:24,CHECKDEPOSIT,490
134,6,6/28/2015 15:14,CashWtdrl,9445
164,5,5/9/2015 13:19,CashDeposit,7729
148,4,4/12/2015 12:31,ATMWDL,8540
117,4,4/13/2015 16:01,CHECKCR,2888
121,4,4/15/2015 11:00,CHECKDEPOSIT,4484
130,3,3/11/2015 14:53,CashWtdrl,4124
175,6,6/11/2015 13:20,CashDeposit,3328
198,4,4/20/2015 17:24,ATMWDL,3692
129,6,6/28/2015 15:14,CashWtdrl,1419
102,5,5/9/2015 13:19,CashDeposit,2578
114,4,4/12/2015 12:31,ATMWDL,893
197,4,4/13/2015 16:01,CHECKCR,6907
192,4,4/15/2015 11:00,CHECKDEPOSIT,7536
152,3,3/11/2015 14:53,CashWtdrl,2930
140,6,6/11/2015 13:20,CashDeposit,2264
169,4,4/20/2015 17:24,ATMWDL,2509
147,6,6/28/2015 15:14,CashWtdrl,1393
148,5,5/9/2015 13:19,CashDeposit,6502
160,4,4/12/2015 12:31,ATMWDL,2007
146,4,4/13/2015 16:01,CHECKCR,4346
113,4,4/15/2015 11:00,CHECKDEPOSIT,8620
107,3,3/11/2015 14:53,CashWtdrl,6484
164,6,6/11/2015 13:20,CashDeposit,8634
147,4,4/20/2015 17:24,ATMWDL,4831
140,6,6/28/2015 15:14,CashWtdrl,8571
165,5,5/9/2015 13:19,CashDeposit,8229
111,4,4/12/2015 12:31,ATMWDL,1287
151,4,4/13/2015 16:01,CHECKCR,3043
154,4,4/15/2015 11:00,CHECKDEPOSIT,5827
167,3,3/11/2015 14:53,CashWtdrl,301
158,6,6/11/2015 13:20,CashDeposit,9435
155,4,4/20/2015 17:24,ATMWDL,1206
152,6,6/28/2015 15:14,CashWtdrl,526
176,5,5/9/2015 13:19,CashDeposit,5292
142,4,4/12/2015 12:31,ATMWDL,867
113,4,4/13/2015 16:01,CHECKCR,6663
129,4,4/15/2015 11:00,CHECKDEPOSIT,9415
192,3,3/11/2015 14:53,CashWtdrl,7762
146,6,6/11/2015 13:20,CashDeposit,2226
120,4,4/20/2015 17:24,ATMWDL,395
103,6,6/28/2015 15:14,CashWtdrl,1996
120,5,5/9/2015 13:19,CashDeposit,951
131,4,4/12/2015 12:31,ATMWDL,8545
193,4,4/13/2015 16:01,CHECKCR,2636
168,4,4/15/2015 11:00,CHECKDEPOSIT,3438
173,3,3/11/2015 14:53,CashWtdrl,7175
119,6,6/11/2015 13:20,CashDeposit,9090
174,4,4/20/2015 17:24,ATMWDL,5061
199,6,6/28/2015 15:14,CashWtdrl,7897
171,5,5/9/2015 13:19,CashDeposit,7885
130,4,4/12/2015 12:31,ATMWDL,1759
197,4,4/13/2015 16:01,CHECKCR,5742
144,4,4/15/2015 11:00,CHECKDEPOSIT,8996
184,3,3/11/2015 14:53,CashWtdrl,193
127,6,6/11/2015 13:20,CashDeposit,9912
107,4,4/20/2015 17:24,ATMWDL,1827
109,6,6/28/2015 15:14,CashWtdrl,3883
142,5,5/9/2015 13:19,CashDeposit,8205
133,4,4/12/2015 12:31,CashWtdrl,328
197,4,4/13/2015 16:01,CashDeposit,8538
130,4,4/15/2015 11:00,ATMWDL,2135
153,3,3/11/2015 14:53,CHECKCR,7840
190,6,6/11/2015 13:20,CashWtdrl,7965
141,4,4/20/2015 17:24,CashDeposit,6258
110,6,6/28/2015 15:14,ATMWDL,5863
132,5,5/9/2015 13:19,CHECKCR,7723
103,4,4/12/2015 12:31,CHECKDEPOSIT,3295
108,4,4/13/2015 16:01,CashWtdrl,8356
101,4,4/15/2015 11:00,CashDeposit,2144
152,3,3/11/2015 14:53,ATMWDL,2227
184,6,6/11/2015 13:20,CashWtdrl,336
107,4,4/20/2015 17:24,CashWtdrl,1690
151,6,6/28/2015 15:14,CashDeposit,8794
159,5,5/9/2015 13:19,CashWtdrl,6356
178,4,4/12/2015 12:31,CashWtdrl,8215
186,4,4/13/2015 16:01,CashWtdrl,4602
163,4,4/15/2015 11:00,CashDeposit,2760
178,3,3/11/2015 14:53,ATMWDL,6797
175,6,6/11/2015 13:20,CashWtdrl,2193
142,4,4/20/2015 17:24,CashDeposit,117
197,6,6/28/2015 15:14,ATMWDL,3076
188,5,5/9/2015 13:19,CHECKCR,6669
148,4,4/12/2015 12:31,CHECKDEPOSIT,4854
127,4,4/13/2015 16:01,CashWtdrl,8274
157,4,4/15/2015 11:00,CashDeposit,191
196,3,3/11/2015 14:53,ATMWDL,416
108,6,6/11/2015 13:20,CashWtdrl,8661
184,4,4/20/2015 17:24,CashDeposit,5281
182,6,6/28/2015 15:14,ATMWDL,3402
191,5,5/9/2015 13:19,CHECKCR,2375
175,4,4/12/2015 12:31,CHECKDEPOSIT,1910
181,4,4/13/2015 16:01,CashWtdrl,4207
147,4,4/15/2015 11:00,CashDeposit,4829
169,3,3/11/2015 14:53,ATMWDL,4980
123,6,6/11/2015 13:20,CashWtdrl,74
144,4,4/20/2015 17:24,CashDeposit,2896
180,6,6/28/2015 15:14,ATMWDL,4697
186,5,5/9/2015 13:19,CHECKCR,4042
165,4,4/12/2015 12:31,CHECKDEPOSIT,9453
139,4,4/13/2015 16:01,CashWtdrl,6571
158,4,4/15/2015 11:00,CashDeposit,7764
117,3,3/11/2015 14:53,ATMWDL,7469
200,6,6/11/2015 13:20,CashWtdrl,7233
106,4,4/20/2015 17:24,CashDeposit,4572
191,6,6/28/2015 15:14,ATMWDL,4147
194,5,5/9/2015 13:19,CHECKCR,595
150,4,4/12/2015 12:31,CHECKDEPOSIT,5908
111,4,4/13/2015 16:01,CashWtdrl,8530
100,4,4/15/2015 11:00,CashDeposit,1159
109,3,3/11/2015 14:53,ATMWDL,2190
104,6,6/11/2015 13:20,CashWtdrl,4931
134,4,4/20/2015 17:24,CashDeposit,5371
153,6,6/28/2015 15:14,ATMWDL,3918
140,5,5/9/2015 13:19,CHECKCR,3199
156,4,4/12/2015 12:31,CHECKDEPOSIT,337
125,4,4/13/2015 16:01,CashWtdrl,4011
163,4,4/15/2015 11:00,CashDeposit,7587
102,3,3/11/2015 14:53,ATMWDL,4510
169,6,6/11/2015 13:20,CashWtdrl,6131
103,4,4/20/2015 17:24,CashDeposit,2455
132,6,6/28/2015 15:14,ATMWDL,3552
127,5,5/9/2015 13:19,CHECKCR,213
197,4,4/12/2015 12:31,CHECKDEPOSIT,3344
141,4,4/13/2015 16:01,CashWtdrl,327
105,4,4/15/2015 11:00,CashDeposit,2182
196,3,3/11/2015 14:53,ATMWDL,3042
153,6,6/11/2015 13:20,CashWtdrl,4786
147,4,4/20/2015 17:24,CashDeposit,3253
152,6,6/28/2015 15:14,ATMWDL,6591
109,5,5/9/2015 13:19,CHECKCR,7561
171,4,4/12/2015 12:31,CHECKDEPOSIT,9792
134,4,4/13/2015 16:01,CashWtdrl,9289
197,4,4/15/2015 11:00,CashDeposit,2737
119,3,3/11/2015 14:53,ATMWDL,8886
132,6,6/11/2015 13:20,CashWtdrl,6124
159,4,4/20/2015 17:24,CashDeposit,8326
124,6,6/28/2015 15:14,ATMWDL,6790
159,5,5/9/2015 13:19,CHECKCR,5585
145,4,4/12/2015 12:31,CHECKDEPOSIT,3376
142,4,4/13/2015 16:01,CashWtdrl,8561
113,4,4/15/2015 11:00,CashDeposit,7983
135,3,3/11/2015 14:53,ATMWDL,6964
175,6,6/11/2015 13:20,CHECKCR,4075
141,4,4/20/2015 17:24,CHECKDEPOSIT,655
105,6,6/28/2015 15:14,CashWtdrl,3861
110,5,5/9/2015 13:19,CashDeposit,1586
164,4,4/12/2015 12:31,ATMWDL,5552
109,4,4/13/2015 16:01,CashWtdrl,5308
106,4,4/15/2015 11:00,CashDeposit,8060
117,3,3/11/2015 14:53,ATMWDL,3356
109,6,6/11/2015 13:20,CHECKCR,648
196,4,4/20/2015 17:24,CHECKDEPOSIT,9873
139,6,6/28/2015 15:14,CashWtdrl,1216
138,5,5/9/2015 13:19,CashDeposit,567
117,4,4/12/2015 12:31,ATMWDL,8191
185,4,4/13/2015 16:01,CashWtdrl,2519
191,4,4/15/2015 11:00,CashDeposit,5753
195,3,3/11/2015 14:53,ATMWDL,3175
114,6,6/11/2015 13:20,CHECKCR,7204
126,4,4/20/2015 17:24,CHECKDEPOSIT,1853
183,6,6/28/2015 15:14,CashWtdrl,392
170,5,5/9/2015 13:19,CashDeposit,5556
156,4,4/12/2015 12:31,ATMWDL,1585
115,4,4/13/2015 16:01,CashWtdrl,3615
133,4,4/15/2015 11:00,CashDeposit,8195
143,3,3/11/2015 14:53,ATMWDL,4552
155,6,6/11/2015 13:20,CHECKCR,927
197,4,4/20/2015 17:24,CHECKDEPOSIT,4725
153,6,6/28/2015 15:14,CashWtdrl,4727
127,5,5/9/2015 13:19,CashDeposit,7194
137,4,4/12/2015 12:31,ATMWDL,6039
193,4,4/13/2015 16:01,CashWtdrl,5778
109,4,4/15/2015 11:00,CashDeposit,7142
118,3,3/11/2015 14:53,ATMWDL,71
122,6,6/11/2015 13:20,CHECKCR,3012
159,4,4/20/2015 17:24,CHECKDEPOSIT,8903
168,6,6/28/2015 15:14,CashWtdrl,1565
108,5,5/9/2015 13:19,CashDeposit,3873
113,4,4/12/2015 12:31,ATMWDL,1382
181,4,4/13/2015 16:01,CashWtdrl,9791
136,4,4/15/2015 11:00,CashDeposit,8046
192,3,3/11/2015 14:53,ATMWDL,6692
123,6,6/11/2015 13:20,CHECKCR,3520
137,4,4/20/2015 17:24,CHECKDEPOSIT,47
197,6,6/28/2015 15:14,CashWtdrl,9429
122,5,5/9/2015 13:19,CashDeposit,8711
160,4,4/12/2015 12:31,ATMWDL,5096
152,4,4/13/2015 16:01,CashWtdrl,4390
113,4,4/15/2015 11:00,CashDeposit,7234
156,3,3/11/2015 14:53,ATMWDL,6894
192,6,6/11/2015 13:20,CHECKCR,9479
110,4,4/20/2015 17:24,CHECKDEPOSIT,2382
167,6,6/28/2015 15:14,CashWtdrl,5032
149,5,5/9/2015 13:19,CashDeposit,5920
175,4,4/12/2015 12:31,ATMWDL,8226
156,4,4/13/2015 16:01,CashWtdrl,7349
143,4,4/15/2015 11:00,CashDeposit,9266
171,3,3/11/2015 14:53,ATMWDL,6933
148,6,6/11/2015 13:20,CHECKCR,3112
119,4,4/20/2015 17:24,CHECKDEPOSIT,7741
131,6,6/28/2015 15:14,CashWtdrl,919
167,5,5/9/2015 13:19,CashDeposit,8477
160,4,4/12/2015 12:31,ATMWDL,6478
158,4,4/13/2015 16:01,CHECKCR,6044
110,4,4/15/2015 11:00,CHECKDEPOSIT,1467
150,3,3/11/2015 14:53,CashWtdrl,4499
158,6,6/11/2015 13:20,CashDeposit,2931
147,4,4/20/2015 17:24,ATMWDL,6322
128,6,6/28/2015 15:14,CashWtdrl,1438
196,5,5/9/2015 13:19,CashDeposit,5806
135,4,4/12/2015 12:31,ATMWDL,7208
128,4,4/13/2015 16:01,CHECKCR,9008
144,4,4/15/2015 11:00,CHECKDEPOSIT,1329
186,3,3/11/2015 14:53,CashWtdrl,5453
151,6,6/11/2015 13:20,CashDeposit,2027
133,4,4/20/2015 17:24,ATMWDL,5914
171,6,6/28/2015 15:14,CashWtdrl,6214
183,5,5/9/2015 13:19,CashDeposit,2061
195,4,4/12/2015 12:31,ATMWDL,2017
154,4,4/13/2015 16:01,CHECKCR,1280
158,4,4/15/2015 11:00,CHECKDEPOSIT,1237
180,3,3/11/2015 14:53,CashWtdrl,5146
181,6,6/11/2015 13:20,CashDeposit,1663
171,4,4/20/2015 17:24,ATMWDL,9745
190,6,6/28/2015 15:14,CashWtdrl,3168
119,5,5/9/2015 13:19,CashDeposit,4743
149,4,4/12/2015 12:31,ATMWDL,2799
116,4,4/13/2015 16:01,CHECKCR,237
107,4,4/15/2015 11:00,CHECKDEPOSIT,7575
167,3,3/11/2015 14:53,CashWtdrl,2548
135,6,6/11/2015 13:20,CashDeposit,6452
166,4,4/20/2015 17:24,ATMWDL,5119
178,6,6/28/2015 15:14,CashWtdrl,8349
167,5,5/9/2015 13:19,CashDeposit,7216
192,4,4/12/2015 12:31,ATMWDL,8623
101,4,4/13/2015 16:01,CHECKCR,5773
131,4,4/15/2015 11:00,CHECKDEPOSIT,5728
115,3,3/11/2015 14:53,CashWtdrl,3711
144,6,6/11/2015 13:20,CashDeposit,1718
148,4,4/20/2015 17:24,ATMWDL,6043
169,6,6/28/2015 15:14,CashWtdrl,6452
161,5,5/9/2015 13:19,CashDeposit,6862
154,4,4/12/2015 12:31,ATMWDL,2268
192,4,4/13/2015 16:01,CHECKCR,5678
197,4,4/15/2015 11:00,CHECKDEPOSIT,3138
138,3,3/11/2015 14:53,CashWtdrl,7455
100,6,6/11/2015 13:20,CashDeposit,2551
130,4,4/20/2015 17:24,ATMWDL,8906
101,6,6/28/2015 15:14,CashWtdrl,7238
198,5,5/9/2015 13:19,CashDeposit,5669
103,4,4/12/2015 12:31,ATMWDL,5985
100,4,4/13/2015 16:01,CHECKCR,2586
151,4,4/15/2015 11:00,CHECKDEPOSIT,7093
185,3,3/11/2015 14:53,CashWtdrl,2371
172,6,6/11/2015 13:20,CashDeposit,2078
190,4,4/20/2015 17:24,ATMWDL,5186
111,6,6/28/2015 15:14,CashWtdrl,7792
195,5,5/9/2015 13:19,CashDeposit,5762
160,4,4/12/2015 12:31,CashWtdrl,7782
182,4,4/13/2015 16:01,CashDeposit,3472
117,4,4/15/2015 11:00,ATMWDL,2501
129,3,3/11/2015 14:53,CHECKCR,619
160,6,6/11/2015 13:20,CashWtdrl,8000
160,4,4/20/2015 17:24,CashDeposit,7607
184,6,6/28/2015 15:14,ATMWDL,9232
160,5,5/9/2015 13:19,CHECKCR,8613
130,4,4/12/2015 12:31,CHECKDEPOSIT,4491
147,4,4/13/2015 16:01,CashWtdrl,4835
119,4,4/15/2015 11:00,CashDeposit,8449
119,3,3/11/2015 14:53,ATMWDL,1657
135,6,6/11/2015 13:20,CashWtdrl,8856
145,4,4/20/2015 17:24,CashWtdrl,1096
149,6,6/28/2015 15:14,CashDeposit,6037
190,5,5/9/2015 13:19,CashWtdrl,4136
123,4,4/12/2015 12:31,CashWtdrl,5092
129,4,4/13/2015 16:01,CashWtdrl,9423
164,4,4/15/2015 11:00,CashDeposit,4119
197,3,3/11/2015 14:53,ATMWDL,295
198,6,6/11/2015 13:20,CashWtdrl,3272
198,4,4/20/2015 17:24,CashDeposit,9964
140,6,6/28/2015 15:14,ATMWDL,8646
183,5,5/9/2015 13:19,CHECKCR,634
130,4,4/12/2015 12:31,CHECKDEPOSIT,7714
125,4,4/13/2015 16:01,CashWtdrl,114
149,4,4/15/2015 11:00,CashDeposit,286
190,3,3/11/2015 14:53,ATMWDL,3511
133,6,6/11/2015 13:20,CashWtdrl,4847
185,4,4/20/2015 17:24,CashDeposit,9481
123,6,6/28/2015 15:14,ATMWDL,1053
148,5,5/9/2015 13:19,CHECKCR,4065
180,4,4/12/2015 12:31,CHECKDEPOSIT,9776
118,4,4/13/2015 16:01,CashWtdrl,9800
152,4,4/15/2015 11:00,CashDeposit,1767
158,3,3/11/2015 14:53,ATMWDL,9557
193,6,6/11/2015 13:20,CashWtdrl,7386
112,4,4/20/2015 17:24,CashDeposit,4377
184,6,6/28/2015 15:14,ATMWDL,7677
105,5,5/9/2015 13:19,CHECKCR,5374
162,4,4/12/2015 12:31,CHECKDEPOSIT,5348
128,4,4/13/2015 16:01,CashWtdrl,4523
136,4,4/15/2015 11:00,CashDeposit,7136
100,3,3/11/2015 14:53,ATMWDL,3971
163,6,6/11/2015 13:20,CashWtdrl,4245
197,4,4/20/2015 17:24,CashDeposit,1000
198,6,6/28/2015 15:14,ATMWDL,7351
111,5,5/9/2015 13:19,CHECKCR,481
175,4,4/12/2015 12:31,CHECKDEPOSIT,434
189,4,4/13/2015 16:01,CashWtdrl,2273
195,4,4/15/2015 11:00,CashDeposit,6151
117,3,3/11/2015 14:53,ATMWDL,4499
164,6,6/11/2015 13:20,CashWtdrl,6336
132,4,4/20/2015 17:24,CashDeposit,5777
200,6,6/28/2015 15:14,ATMWDL,7753
170,5,5/9/2015 13:19,CHECKCR,9327
100,4,4/12/2015 12:31,CHECKDEPOSIT,2033
143,4,4/13/2015 16:01,CashWtdrl,8870
159,4,4/15/2015 11:00,CashDeposit,8327
107,3,3/11/2015 14:53,ATMWDL,5669
147,6,6/11/2015 13:20,CashWtdrl,2394
127,4,4/20/2015 17:24,CashDeposit,2471
123,6,6/28/2015 15:14,ATMWDL,4430
125,5,5/9/2015 13:19,CHECKCR,9335
114,4,4/12/2015 12:31,CHECKDEPOSIT,6726
178,4,4/13/2015 16:01,CashWtdrl,259
173,4,4/15/2015 11:00,CashDeposit,2441
103,3,3/11/2015 14:53,ATMWDL,9567
160,6,6/11/2015 13:20,CashWtdrl,6773
154,4,4/20/2015 17:24,CashDeposit,6024
192,6,6/28/2015 15:14,ATMWDL,9291
172,5,5/9/2015 13:19,CHECKCR,3063
187,4,4/12/2015 12:31,CHECKDEPOSIT,7857
146,4,4/13/2015 16:01,CashWtdrl,3908
153,4,4/15/2015 11:00,CashDeposit,6846
167,3,3/11/2015 14:53,ATMWDL,4083
173,6,6/11/2015 13:20,CashWtdrl,1629
191,4,4/20/2015 17:24,CashDeposit,4593
187,6,6/28/2015 15:14,ATMWDL,5900
129,5,5/9/2015 13:19,CHECKCR,6917
145,4,4/12/2015 12:31,CHECKDEPOSIT,1589
119,4,4/13/2015 16:01,CashWtdrl,5741
108,4,4/15/2015 11:00,CashDeposit,5165
159,3,3/11/2015 14:53,ATMWDL,9240
194,6,6/11/2015 13:20,CHECKCR,8419
112,4,4/20/2015 17:24,CHECKDEPOSIT,7357
198,6,6/28/2015 15:14,CashWtdrl,7794
100,5,5/9/2015 13:19,CashDeposit,8236
139,4,4/12/2015 12:31,ATMWDL,4985
135,4,4/13/2015 16:01,CashWtdrl,5958
174,4,4/15/2015 11:00,CashDeposit,8719
181,3,3/11/2015 14:53,ATMWDL,7768
182,6,6/11/2015 13:20,CHECKCR,1462
161,4,4/20/2015 17:24,CHECKDEPOSIT,7880
144,6,6/28/2015 15:14,CashWtdrl,5272
178,5,5/9/2015 13:19,CashDeposit,6675
121,4,4/12/2015 12:31,ATMWDL,939
113,4,4/13/2015 16:01,CashWtdrl,1994
173,4,4/15/2015 11:00,CashDeposit,8664
140,3,3/11/2015 14:53,ATMWDL,6691
163,6,6/11/2015 13:20,CHECKCR,7751
143,4,4/20/2015 17:24,CHECKDEPOSIT,1220
167,6,6/28/2015 15:14,CashWtdrl,7007
124,5,5/9/2015 13:19,CashDeposit,6425
184,4,4/12/2015 12:31,ATMWDL,7444
114,4,4/13/2015 16:01,CashWtdrl,8880
116,4,4/15/2015 11:00,CashDeposit,186
143,3,3/11/2015 14:53,ATMWDL,4311
199,6,6/11/2015 13:20,CHECKCR,5971
187,4,4/20/2015 17:24,CHECKDEPOSIT,9089
100,6,6/28/2015 15:14,CashWtdrl,2314
100,5,5/9/2015 13:19,CashDeposit,372
111,4,4/12/2015 12:31,ATMWDL,3539
120,4,4/13/2015 16:01,CashWtdrl,4958
138,4,4/15/2015 11:00,CashWtdrl,7934
120,3,3/11/2015 14:53,CashDeposit,5558
169,6,6/11/2015 13:20,ATMWDL,8831
110,4,4/20/2015 17:24,CashWtdrl,8443
180,6,6/28/2015 15:14,CashDeposit,3458
194,5,5/9/2015 13:19,ATMWDL,2400
139,4,4/12/2015 12:31,CHECKCR,4582
156,4,4/13/2015 16:01,CHECKDEPOSIT,415
127,4,4/15/2015 11:00,CashWtdrl,1737
182,3,3/11/2015 14:53,CashDeposit,529
101,6,6/11/2015 13:20,ATMWDL,3750
196,4,4/20/2015 17:24,CashWtdrl,229
128,6,6/28/2015 15:14,CashDeposit,4538
